insert into `seciot`.`cve` values ('CVE-2019-1559', 'High', '', 'Linux', '');
insert into `seciot`.`cve_category` values ('CVE-2019-1559', 'Firmware');
insert into `seciot`.`library_risk` values ('d85aba48-29f6-45c6-b642-acd295204286', 'OpenSSL', '1.0.2', 'CVE-2019-1559');
insert into `seciot`.`library_risk` values ('a5c852ad-6ab3-4c1f-b549-ae356596f77a', 'OpenSSL', '1.0.2a', 'CVE-2019-1559');
insert into `seciot`.`library_risk` values ('f200961b-6c1b-4aee-a100-b373f2345394', 'OpenSSL', '1.0.2b', 'CVE-2019-1559');
insert into `seciot`.`library_risk` values ('144a5318-1652-47fe-a882-a886314b9cb8', 'OpenSSL', '1.0.2c', 'CVE-2019-1559');
insert into `seciot`.`library_risk` values ('c86fb310-ac7d-4a00-8153-6b8fbe756256', 'OpenSSL', '1.0.2d', 'CVE-2019-1559');
insert into `seciot`.`library_risk` values ('23b55104-cff3-4362-8e8d-676fcb78afbd', 'OpenSSL', '1.0.2e', 'CVE-2019-1559');
insert into `seciot`.`library_risk` values ('80750ca1-af3f-4da1-8dd1-23950cfac072', 'OpenSSL', '1.0.2f', 'CVE-2019-1559');
insert into `seciot`.`library_risk` values ('125d8f6b-9831-4b89-928c-b7dbfad4eaf5', 'OpenSSL', '1.0.2g', 'CVE-2019-1559');
insert into `seciot`.`library_risk` values ('19bf1690-30e4-497f-8345-56749be0f0a0', 'OpenSSL', '1.0.2h', 'CVE-2019-1559');
insert into `seciot`.`library_risk` values ('5645814c-81c9-41c4-a185-9066f6a4f4bb', 'OpenSSL', '1.0.2i', 'CVE-2019-1559');
insert into `seciot`.`library_risk` values ('82b4e4af-f9be-403a-ac6f-e0ffb593dc2b', 'OpenSSL', '1.0.2j', 'CVE-2019-1559');
insert into `seciot`.`library_risk` values ('a6abc4b4-fae4-4972-a1ae-6715d5f11097', 'OpenSSL', '1.0.2k', 'CVE-2019-1559');
insert into `seciot`.`library_risk` values ('8e0453d3-0569-4416-af8f-1f442bc4db76', 'OpenSSL', '1.0.2l', 'CVE-2019-1559');
insert into `seciot`.`library_risk` values ('05d80422-7567-4789-a20e-17f343c6e527', 'OpenSSL', '1.0.2m', 'CVE-2019-1559');
insert into `seciot`.`library_risk` values ('bb5741a4-3fd7-4450-8600-8c886045f6f5', 'OpenSSL', '1.0.2n', 'CVE-2019-1559');
insert into `seciot`.`library_risk` values ('99e5a866-2896-4071-b848-1eb167289ba3', 'OpenSSL', '1.0.2o', 'CVE-2019-1559');
insert into `seciot`.`library_risk` values ('ced29d16-a437-4952-a203-7287cb58fcad', 'OpenSSL', '1.0.2p', 'CVE-2019-1559');
insert into `seciot`.`library_risk` values ('915ace3e-4443-4946-953b-af1955318988', 'OpenSSL', '1.0.2q', 'CVE-2019-1559');
insert into `seciot`.`cve` values ('CVE-2018-5407 ', 'Low', '', 'Linux', '');
insert into `seciot`.`cve_category` values ('CVE-2018-5407 ', 'Firmware');
insert into `seciot`.`library_risk` values ('fc933601-d381-4c37-9fb3-300e5ad8510f', 'OpenSSL', '1.0.2', 'CVE-2018-5407 ');
insert into `seciot`.`library_risk` values ('29df1b51-e6e9-4f22-a005-bfd5dc75bca4', 'OpenSSL', '1.0.2a', 'CVE-2018-5407 ');
insert into `seciot`.`library_risk` values ('6069019b-9332-483b-9628-c3ce92e2b6f8', 'OpenSSL', '1.0.2b', 'CVE-2018-5407 ');
insert into `seciot`.`library_risk` values ('9e5c3746-963c-463d-bb69-d40f2eaf9979', 'OpenSSL', '1.0.2c', 'CVE-2018-5407 ');
insert into `seciot`.`library_risk` values ('b0c92b54-aa50-43c1-9937-b036e3512b4d', 'OpenSSL', '1.0.2d', 'CVE-2018-5407 ');
insert into `seciot`.`library_risk` values ('9fe915f4-1df3-459b-b2a0-50327b0ccf48', 'OpenSSL', '1.0.2e', 'CVE-2018-5407 ');
insert into `seciot`.`library_risk` values ('8cb8a441-e67f-4360-a70d-143efeb4a00f', 'OpenSSL', '1.0.2f', 'CVE-2018-5407 ');
insert into `seciot`.`library_risk` values ('a28bdd29-b2ea-4819-8f7e-69b6f834fccf', 'OpenSSL', '1.0.2g', 'CVE-2018-5407 ');
insert into `seciot`.`library_risk` values ('71c81237-4647-41ea-8389-0e4e86cc6ae0', 'OpenSSL', '1.0.2h', 'CVE-2018-5407 ');
insert into `seciot`.`library_risk` values ('057b39f6-8af0-464b-bb0d-9f1e3713faf2', 'OpenSSL', '1.0.2i', 'CVE-2018-5407 ');
insert into `seciot`.`library_risk` values ('24aebc57-5703-43a4-b00e-de9f39e25d55', 'OpenSSL', '1.0.2j', 'CVE-2018-5407 ');
insert into `seciot`.`library_risk` values ('fa6007e5-2cb7-4f5b-87b9-aa7d0fde3304', 'OpenSSL', '1.0.2k', 'CVE-2018-5407 ');
insert into `seciot`.`library_risk` values ('ca0a28f9-ab60-49bb-bbd1-0d13b35c1d68', 'OpenSSL', '1.0.2l', 'CVE-2018-5407 ');
insert into `seciot`.`library_risk` values ('7a09e7ec-c3fa-482a-b6d8-0017b6cfc46c', 'OpenSSL', '1.0.2m', 'CVE-2018-5407 ');
insert into `seciot`.`library_risk` values ('97f22a4a-8619-4ff9-9da6-e395e969c2cf', 'OpenSSL', '1.0.2n', 'CVE-2018-5407 ');
insert into `seciot`.`library_risk` values ('e8771516-8f3b-4369-a6b5-0f77497f107f', 'OpenSSL', '1.0.2o', 'CVE-2018-5407 ');
insert into `seciot`.`library_risk` values ('3a27ae62-180e-4c26-969a-ba812b5947ff', 'OpenSSL', '1.0.2p', 'CVE-2018-5407 ');
insert into `seciot`.`library_risk` values ('ba0688df-b719-4b47-b220-cee62675c05f', 'OpenSSL', '1.1.0', 'CVE-2018-5407 ');
insert into `seciot`.`library_risk` values ('25727cfb-24da-4be4-b78e-e77f78348b3a', 'OpenSSL', '1.1.0a', 'CVE-2018-5407 ');
insert into `seciot`.`library_risk` values ('a9b0c9bc-f919-4416-b1cb-5583bb88b612', 'OpenSSL', '1.1.0b', 'CVE-2018-5407 ');
insert into `seciot`.`library_risk` values ('e00fc8fe-357e-4d0b-b6e1-eb7fbdb8fdc7', 'OpenSSL', '1.1.0c', 'CVE-2018-5407 ');
insert into `seciot`.`library_risk` values ('20a3e7f8-44a8-419b-b58a-6df87a6430ea', 'OpenSSL', '1.1.0d', 'CVE-2018-5407 ');
insert into `seciot`.`library_risk` values ('7d8fad59-446d-4b3a-a072-85d3f32b5ac7', 'OpenSSL', '1.1.0e', 'CVE-2018-5407 ');
insert into `seciot`.`library_risk` values ('344524c8-b806-45a0-885c-bb6fe17e75f7', 'OpenSSL', '1.1.0f', 'CVE-2018-5407 ');
insert into `seciot`.`library_risk` values ('62f66665-05fc-4b60-b5b6-b433e919ea34', 'OpenSSL', '1.1.0g', 'CVE-2018-5407 ');
insert into `seciot`.`library_risk` values ('cd8bf131-cfb3-4310-bef8-0037ae062609', 'OpenSSL', '1.1.0h', 'CVE-2018-5407 ');
insert into `seciot`.`cve` values ('CVE-2018-0734', 'Low', '', 'Linux', '');
insert into `seciot`.`cve_category` values ('CVE-2018-0734', 'Firmware');
insert into `seciot`.`library_risk` values ('a4a42c47-00ad-4316-873a-b938f7b8fb36', 'OpenSSL', '1.0.2', 'CVE-2018-0734');
insert into `seciot`.`library_risk` values ('15fbf596-d3b3-4aa9-bf07-637bf084813a', 'OpenSSL', '1.0.2a', 'CVE-2018-0734');
insert into `seciot`.`library_risk` values ('68ad5999-ab4e-4475-8e77-cd4086cebeee', 'OpenSSL', '1.0.2b', 'CVE-2018-0734');
insert into `seciot`.`library_risk` values ('1fa7f1bc-481c-4b53-a146-6b0cbf79bc72', 'OpenSSL', '1.0.2c', 'CVE-2018-0734');
insert into `seciot`.`library_risk` values ('841b2706-50f7-46f1-b58c-2a8efd05f577', 'OpenSSL', '1.0.2d', 'CVE-2018-0734');
insert into `seciot`.`library_risk` values ('64c32342-a1b9-4d7b-84ec-9eb417f3d340', 'OpenSSL', '1.0.2e', 'CVE-2018-0734');
insert into `seciot`.`library_risk` values ('dba82929-8d38-406f-9987-391df65c8ae7', 'OpenSSL', '1.0.2f', 'CVE-2018-0734');
insert into `seciot`.`library_risk` values ('b184ce16-2eb6-4c4e-8526-2f14687fde94', 'OpenSSL', '1.0.2g', 'CVE-2018-0734');
insert into `seciot`.`library_risk` values ('b78d477a-accc-4ff5-9dd6-82600dac0305', 'OpenSSL', '1.0.2h', 'CVE-2018-0734');
insert into `seciot`.`library_risk` values ('3603c17d-15d1-4254-99fb-40d284e4c13b', 'OpenSSL', '1.0.2i', 'CVE-2018-0734');
insert into `seciot`.`library_risk` values ('39704c72-2cad-4f1a-ae92-08334c2b1dc9', 'OpenSSL', '1.0.2j', 'CVE-2018-0734');
insert into `seciot`.`library_risk` values ('07108241-9126-40f2-ac78-75485a4303d2', 'OpenSSL', '1.0.2k', 'CVE-2018-0734');
insert into `seciot`.`library_risk` values ('fc4d175e-325d-41af-909d-6e084c62c9ea', 'OpenSSL', '1.0.2l', 'CVE-2018-0734');
insert into `seciot`.`library_risk` values ('0b42098c-0b56-430a-9262-fd4c97b5de80', 'OpenSSL', '1.0.2m', 'CVE-2018-0734');
insert into `seciot`.`library_risk` values ('484c1c48-b069-4ecf-98fd-fe702867cc16', 'OpenSSL', '1.0.2n', 'CVE-2018-0734');
insert into `seciot`.`library_risk` values ('1dd7ccf0-2c55-473d-8ce2-2a035c24a7cf', 'OpenSSL', '1.0.2o', 'CVE-2018-0734');
insert into `seciot`.`library_risk` values ('0c71472f-aba5-4055-b88b-6f539c4b16e6', 'OpenSSL', '1.0.2p', 'CVE-2018-0734');
insert into `seciot`.`library_risk` values ('212500c3-3244-40ef-baf1-d18271598807', 'OpenSSL', '1.1.0', 'CVE-2018-0734');
insert into `seciot`.`library_risk` values ('680a1a32-d48a-4ef6-ab40-cb0d1637ab70', 'OpenSSL', '1.1.0a', 'CVE-2018-0734');
insert into `seciot`.`library_risk` values ('cbb3c413-06bf-495f-9538-fe43d85ba08b', 'OpenSSL', '1.1.0b', 'CVE-2018-0734');
insert into `seciot`.`library_risk` values ('1bcfcc59-52fa-4889-adb7-5da4b9d8c0a7', 'OpenSSL', '1.1.0c', 'CVE-2018-0734');
insert into `seciot`.`library_risk` values ('5fcda110-8c6b-419b-879e-a51b8ec140b2', 'OpenSSL', '1.1.0d', 'CVE-2018-0734');
insert into `seciot`.`library_risk` values ('61bb58b5-c607-487f-9141-4e9a74696775', 'OpenSSL', '1.1.0e', 'CVE-2018-0734');
insert into `seciot`.`library_risk` values ('0bc36c13-ee50-40ad-8d82-eab900932374', 'OpenSSL', '1.1.0f', 'CVE-2018-0734');
insert into `seciot`.`library_risk` values ('cbf74dc3-0e13-45eb-b764-4aebfbd3ef30', 'OpenSSL', '1.1.0g', 'CVE-2018-0734');
insert into `seciot`.`library_risk` values ('9648f2e2-141b-4b22-aac0-b68f5183c918', 'OpenSSL', '1.1.0h', 'CVE-2018-0734');
insert into `seciot`.`library_risk` values ('fa7f6589-2cb7-463f-a2b5-8c53cb1b21fe', 'OpenSSL', '1.1.0i', 'CVE-2018-0734');
insert into `seciot`.`library_risk` values ('f1132913-760c-4620-b009-0e7349bcca8d', 'OpenSSL', '1.1.1', 'CVE-2018-0734');
insert into `seciot`.`cve` values ('CVE-2018-0735', 'Low', '', 'Linux', '');
insert into `seciot`.`cve_category` values ('CVE-2018-0735', 'Firmware');
insert into `seciot`.`library_risk` values ('d8cf7dfc-4c82-4b2f-a3b5-999050b18889', 'OpenSSL', '1.1.0', 'CVE-2018-0735');
insert into `seciot`.`library_risk` values ('02de5e68-95d1-4ff8-aada-72da3d2da6ff', 'OpenSSL', '1.1.0a', 'CVE-2018-0735');
insert into `seciot`.`library_risk` values ('6fae1508-dc5d-4750-882a-aff85adad1fe', 'OpenSSL', '1.1.0b', 'CVE-2018-0735');
insert into `seciot`.`library_risk` values ('3dbacee0-9fcd-4b9b-b26c-8729aafbc866', 'OpenSSL', '1.1.0c', 'CVE-2018-0735');
insert into `seciot`.`library_risk` values ('efc425d9-68cc-4742-bade-864a3202a381', 'OpenSSL', '1.1.0d', 'CVE-2018-0735');
insert into `seciot`.`library_risk` values ('934cc6ef-ee09-4e3c-a1ca-e782254bb2aa', 'OpenSSL', '1.1.0e', 'CVE-2018-0735');
insert into `seciot`.`library_risk` values ('cafe6aa9-e26d-4ad8-94b0-78e96cb5c4ef', 'OpenSSL', '1.1.0f', 'CVE-2018-0735');
insert into `seciot`.`library_risk` values ('0cb7c1fe-7956-4969-b368-d6b4cff90cc5', 'OpenSSL', '1.1.0g', 'CVE-2018-0735');
insert into `seciot`.`library_risk` values ('c195cdc0-cf27-4d72-b837-4504f91030b1', 'OpenSSL', '1.1.0h', 'CVE-2018-0735');
insert into `seciot`.`library_risk` values ('6f717670-809e-4094-805c-6bf1b8005086', 'OpenSSL', '1.1.0i', 'CVE-2018-0735');
insert into `seciot`.`library_risk` values ('fafcf146-ae65-4015-9802-b875142afdde', 'OpenSSL', '1.1.0j', 'CVE-2018-0735');
insert into `seciot`.`library_risk` values ('65547cb3-5b96-4d7a-8177-ef3963d761ac', 'OpenSSL', '1.1.1', 'CVE-2018-0735');
insert into `seciot`.`cve` values ('CVE-2018-0732 ', 'Low', '', 'Linux', '');
insert into `seciot`.`cve_category` values ('CVE-2018-0732 ', 'Firmware');
insert into `seciot`.`library_risk` values ('d147a245-8be4-4b0d-8886-84ca3a478706', 'OpenSSL', '1.0.2', 'CVE-2018-0732 ');
insert into `seciot`.`library_risk` values ('0461cd47-f2ee-409a-aa86-065c3bb52e02', 'OpenSSL', '1.0.2a', 'CVE-2018-0732 ');
insert into `seciot`.`library_risk` values ('75919ced-192a-4a34-b4a8-9e0009d80840', 'OpenSSL', '1.0.2b', 'CVE-2018-0732 ');
insert into `seciot`.`library_risk` values ('d0e2a275-c09b-4828-a6f2-f246ef077f87', 'OpenSSL', '1.0.2c', 'CVE-2018-0732 ');
insert into `seciot`.`library_risk` values ('d83521bd-7976-4c5d-90a6-410358379287', 'OpenSSL', '1.0.2d', 'CVE-2018-0732 ');
insert into `seciot`.`library_risk` values ('222202fb-acbd-4bd9-b3c8-6a5feb2cff8a', 'OpenSSL', '1.0.2e', 'CVE-2018-0732 ');
insert into `seciot`.`library_risk` values ('9d9e71a4-b75a-4442-b2a0-a0a377386ec2', 'OpenSSL', '1.0.2f', 'CVE-2018-0732 ');
insert into `seciot`.`library_risk` values ('89841380-bebe-4c2c-a402-c381250c10af', 'OpenSSL', '1.0.2g', 'CVE-2018-0732 ');
insert into `seciot`.`library_risk` values ('96f18a88-7dbb-4dc7-9f5a-e9e084aa8bdc', 'OpenSSL', '1.0.2h', 'CVE-2018-0732 ');
insert into `seciot`.`library_risk` values ('4312b2ad-0a95-4acf-89bd-38ef1ad39776', 'OpenSSL', '1.0.2i', 'CVE-2018-0732 ');
insert into `seciot`.`library_risk` values ('74c5637e-65cc-40da-ba71-30f2856d790f', 'OpenSSL', '1.0.2j', 'CVE-2018-0732 ');
insert into `seciot`.`library_risk` values ('b107b574-fab5-4753-97ca-162778c37e23', 'OpenSSL', '1.0.2k', 'CVE-2018-0732 ');
insert into `seciot`.`library_risk` values ('3f09eaa4-5a29-4191-bb55-540345d52513', 'OpenSSL', '1.0.2l', 'CVE-2018-0732 ');
insert into `seciot`.`library_risk` values ('f6236a81-8513-4905-b3a2-296dcb93eff7', 'OpenSSL', '1.0.2m', 'CVE-2018-0732 ');
insert into `seciot`.`library_risk` values ('e696b733-52e6-4453-85d5-9fb7e28e0968', 'OpenSSL', '1.0.2n', 'CVE-2018-0732 ');
insert into `seciot`.`library_risk` values ('7eb7bf36-981c-4404-b971-405cb5d64427', 'OpenSSL', '1.0.2o', 'CVE-2018-0732 ');
insert into `seciot`.`library_risk` values ('27d627e1-45dd-46f1-b3cc-1ce74401f614', 'OpenSSL', '1.1.0', 'CVE-2018-0732 ');
insert into `seciot`.`library_risk` values ('283fa8e5-7148-45d7-9b4c-faf3ae79b05e', 'OpenSSL', '1.1.0a', 'CVE-2018-0732 ');
insert into `seciot`.`library_risk` values ('b349834f-247b-482b-b806-cec0622bfd62', 'OpenSSL', '1.1.0b', 'CVE-2018-0732 ');
insert into `seciot`.`library_risk` values ('a9e32ed3-805d-4f8b-9020-6e19533ef889', 'OpenSSL', '1.1.0c', 'CVE-2018-0732 ');
insert into `seciot`.`library_risk` values ('9528e4d1-ddd8-4dfc-8381-d31f792c015d', 'OpenSSL', '1.1.0d', 'CVE-2018-0732 ');
insert into `seciot`.`library_risk` values ('73dc565d-4e22-469c-b094-b36457c65d3e', 'OpenSSL', '1.1.0e', 'CVE-2018-0732 ');
insert into `seciot`.`library_risk` values ('80b031af-b106-44cd-857f-12bd50046205', 'OpenSSL', '1.1.0f', 'CVE-2018-0732 ');
insert into `seciot`.`library_risk` values ('7ce2393b-b346-460b-9cc2-5a58c0fb66cb', 'OpenSSL', '1.1.0g', 'CVE-2018-0732 ');
insert into `seciot`.`library_risk` values ('de596474-1545-48f1-a749-980f102584b9', 'OpenSSL', '1.1.0h', 'CVE-2018-0732 ');
insert into `seciot`.`cve` values ('CVE-2018-0737', 'Low', '', 'Linux', '');
insert into `seciot`.`cve_category` values ('CVE-2018-0737', 'Firmware');
insert into `seciot`.`library_risk` values ('cbdb4c57-d3d3-48ac-a342-9b2d18cc5b39', 'OpenSSL', '1.0.2', 'CVE-2018-0737');
insert into `seciot`.`library_risk` values ('2e63ef4b-981c-4762-8788-08b998eb7c8a', 'OpenSSL', '1.0.2a', 'CVE-2018-0737');
insert into `seciot`.`library_risk` values ('2612aaac-70b5-491b-8a7f-4b7cee1247e0', 'OpenSSL', '1.0.2b', 'CVE-2018-0737');
insert into `seciot`.`library_risk` values ('a7497c01-cf57-44e1-8f99-ee5a4b4db4e5', 'OpenSSL', '1.0.2c', 'CVE-2018-0737');
insert into `seciot`.`library_risk` values ('66d664d6-18b7-461b-b82a-f4c1f81c6618', 'OpenSSL', '1.0.2d', 'CVE-2018-0737');
insert into `seciot`.`library_risk` values ('8541669a-f89c-42f7-bf91-1685d91427b4', 'OpenSSL', '1.0.2e', 'CVE-2018-0737');
insert into `seciot`.`library_risk` values ('f223ebe9-97c1-4558-b11a-4c7a51e4aa90', 'OpenSSL', '1.0.2f', 'CVE-2018-0737');
insert into `seciot`.`library_risk` values ('8d3a41b4-07c0-432a-bc5d-0feb09ed52ae', 'OpenSSL', '1.0.2g', 'CVE-2018-0737');
insert into `seciot`.`library_risk` values ('84e394a3-cd94-42f0-8cee-37e2e296a8db', 'OpenSSL', '1.0.2h', 'CVE-2018-0737');
insert into `seciot`.`library_risk` values ('c3cda891-4bbc-4f4d-a083-57fe26e497f1', 'OpenSSL', '1.0.2i', 'CVE-2018-0737');
insert into `seciot`.`library_risk` values ('c848dd64-00f4-446e-8c9a-fa147b93c87d', 'OpenSSL', '1.0.2j', 'CVE-2018-0737');
insert into `seciot`.`library_risk` values ('591de582-71ee-4bb7-a3dd-8373db826b80', 'OpenSSL', '1.0.2k', 'CVE-2018-0737');
insert into `seciot`.`library_risk` values ('6d9971af-4a8c-48e3-ac45-4798d34aaa6f', 'OpenSSL', '1.0.2l', 'CVE-2018-0737');
insert into `seciot`.`library_risk` values ('57f6a564-e9c2-45ce-bd5f-d4c1a62d018f', 'OpenSSL', '1.0.2m', 'CVE-2018-0737');
insert into `seciot`.`library_risk` values ('ad58f811-11d7-4f11-8300-a58ff8f54f5e', 'OpenSSL', '1.0.2n', 'CVE-2018-0737');
insert into `seciot`.`library_risk` values ('ace4d8de-0b68-4991-9c86-e7febe6d59e2', 'OpenSSL', '1.0.2o', 'CVE-2018-0737');
insert into `seciot`.`library_risk` values ('7fbd2fe2-5bc3-4e49-bf99-51c50b32d2d5', 'OpenSSL', '1.1.0', 'CVE-2018-0737');
insert into `seciot`.`library_risk` values ('1c7aea9f-0188-41fc-bed6-3734c0776961', 'OpenSSL', '1.1.0a', 'CVE-2018-0737');
insert into `seciot`.`library_risk` values ('5358fb45-9fd6-4343-bfdd-ee7ccfbce049', 'OpenSSL', '1.1.0b', 'CVE-2018-0737');
insert into `seciot`.`library_risk` values ('fc521ae1-b4cd-4816-a782-65819b1f9412', 'OpenSSL', '1.1.0c', 'CVE-2018-0737');
insert into `seciot`.`library_risk` values ('b1a9d176-7206-4f95-9eb7-4a8f3c8da93d', 'OpenSSL', '1.1.0d', 'CVE-2018-0737');
insert into `seciot`.`library_risk` values ('15cce4cf-3a02-4d4a-8f6a-655ac85fa203', 'OpenSSL', '1.1.0e', 'CVE-2018-0737');
insert into `seciot`.`library_risk` values ('d15e95e8-9c7a-4abe-bf9b-3d1f46daf7f6', 'OpenSSL', '1.1.0f', 'CVE-2018-0737');
insert into `seciot`.`library_risk` values ('35f6d214-3b0b-401d-9a96-2eb302b3155d', 'OpenSSL', '1.1.0g', 'CVE-2018-0737');
insert into `seciot`.`library_risk` values ('ebd29242-41bd-414d-815a-3f08be7f3581', 'OpenSSL', '1.1.0h', 'CVE-2018-0737');
insert into `seciot`.`cve` values ('CVE-2018-0739 ', 'High', '', 'Linux', '');
insert into `seciot`.`cve_category` values ('CVE-2018-0739 ', 'Firmware');
insert into `seciot`.`library_risk` values ('3ee358e9-9320-4321-962f-04501545595c', 'OpenSSL', '1.0.2b', 'CVE-2018-0739 ');
insert into `seciot`.`library_risk` values ('4b7fa356-b72f-44df-ba11-3cb307f2d00c', 'OpenSSL', '1.0.2c', 'CVE-2018-0739 ');
insert into `seciot`.`library_risk` values ('24248466-7b2e-4627-a2f4-186266ab32b5', 'OpenSSL', '1.0.2d', 'CVE-2018-0739 ');
insert into `seciot`.`library_risk` values ('c447a785-bfab-41e4-92ec-1f2e1ee9f1dd', 'OpenSSL', '1.0.2e', 'CVE-2018-0739 ');
insert into `seciot`.`library_risk` values ('0ebe8ea6-62a5-459c-83ed-dd752c038bbe', 'OpenSSL', '1.0.2f', 'CVE-2018-0739 ');
insert into `seciot`.`library_risk` values ('0d8e6cd9-7538-4920-9ea5-851d5049444a', 'OpenSSL', '1.0.2g', 'CVE-2018-0739 ');
insert into `seciot`.`library_risk` values ('165851ac-cff2-41ca-99c5-7bb48b119771', 'OpenSSL', '1.0.2h', 'CVE-2018-0739 ');
insert into `seciot`.`library_risk` values ('98caa3da-9680-49a4-ba3a-fcbb0518b261', 'OpenSSL', '1.0.2i', 'CVE-2018-0739 ');
insert into `seciot`.`library_risk` values ('762677e0-93ae-4461-ac44-9d43c3b28edb', 'OpenSSL', '1.0.2j', 'CVE-2018-0739 ');
insert into `seciot`.`library_risk` values ('6fa3de72-7a51-496c-89b9-7b02144cc80d', 'OpenSSL', '1.0.2k', 'CVE-2018-0739 ');
insert into `seciot`.`library_risk` values ('07b3743f-a174-49dd-98a0-12081de3ae11', 'OpenSSL', '1.0.2l', 'CVE-2018-0739 ');
insert into `seciot`.`library_risk` values ('ba9ba42e-f8c4-4638-9555-fedc75c921c3', 'OpenSSL', '1.0.2m', 'CVE-2018-0739 ');
insert into `seciot`.`library_risk` values ('07c2aa06-0439-4a06-bedf-63a3da5c8cfb', 'OpenSSL', '1.0.2n', 'CVE-2018-0739 ');
insert into `seciot`.`library_risk` values ('883ce48c-8f0c-4f59-9be1-299a39641189', 'OpenSSL', '1.1.0', 'CVE-2018-0739 ');
insert into `seciot`.`library_risk` values ('f12d458a-e333-4678-b3db-acc48935b503', 'OpenSSL', '1.1.0a', 'CVE-2018-0739 ');
insert into `seciot`.`library_risk` values ('2bc6bc1e-7e1d-430f-9fe5-3cc12d765101', 'OpenSSL', '1.1.0b', 'CVE-2018-0739 ');
insert into `seciot`.`library_risk` values ('5e6ed952-95be-48bc-a635-bbd5fae56432', 'OpenSSL', '1.1.0c', 'CVE-2018-0739 ');
insert into `seciot`.`library_risk` values ('7d3d8bf5-cd86-45aa-b3e9-1074720585b2', 'OpenSSL', '1.1.0d', 'CVE-2018-0739 ');
insert into `seciot`.`library_risk` values ('ee1c527a-b092-4d0c-bc02-796bd00c4f5b', 'OpenSSL', '1.1.0e', 'CVE-2018-0739 ');
insert into `seciot`.`library_risk` values ('bb619ade-3234-44b5-a138-5ee76935e6c1', 'OpenSSL', '1.1.0f', 'CVE-2018-0739 ');
insert into `seciot`.`library_risk` values ('df8ed06e-c723-47bf-9feb-adbf4059430c', 'OpenSSL', '1.1.0g', 'CVE-2018-0739 ');
insert into `seciot`.`cve` values ('CVE-2018-0733 ', 'High', '', 'Linux', '');
insert into `seciot`.`cve_category` values ('CVE-2018-0733 ', 'Firmware');
insert into `seciot`.`library_risk` values ('7879faf9-e01b-4f01-8cd2-8b23b033d0ef', 'OpenSSL', '1.1.0', 'CVE-2018-0733 ');
insert into `seciot`.`library_risk` values ('2ac11d5a-bb47-430b-9e0d-ebc81e766311', 'OpenSSL', '1.1.0a', 'CVE-2018-0733 ');
insert into `seciot`.`library_risk` values ('8487adf6-ed96-4b32-9c82-3d6f2a69d905', 'OpenSSL', '1.1.0b', 'CVE-2018-0733 ');
insert into `seciot`.`library_risk` values ('8a8897e3-e6b5-46c6-b485-b930cb1fe56b', 'OpenSSL', '1.1.0c', 'CVE-2018-0733 ');
insert into `seciot`.`library_risk` values ('7e95aa9a-5c48-41b6-bf32-1f48eca56f17', 'OpenSSL', '1.1.0d', 'CVE-2018-0733 ');
insert into `seciot`.`library_risk` values ('98b398af-e070-4380-8ac6-7fc510333a51', 'OpenSSL', '1.1.0e', 'CVE-2018-0733 ');
insert into `seciot`.`library_risk` values ('3424e364-e46f-4296-b003-5a3ad2517593', 'OpenSSL', '1.1.0f', 'CVE-2018-0733 ');
insert into `seciot`.`library_risk` values ('210ad7f3-2e33-498d-aa2a-49d7bd096d8b', 'OpenSSL', '1.1.0g', 'CVE-2018-0733 ');
insert into `seciot`.`cve` values ('CVE-2017-3738 ', 'Low', '', 'Linux', '');
insert into `seciot`.`cve_category` values ('CVE-2017-3738 ', 'Firmware');
insert into `seciot`.`library_risk` values ('93d375aa-77c3-4f32-9b6e-58b1aee5d47a', 'OpenSSL', '1.0.2', 'CVE-2017-3738 ');
insert into `seciot`.`library_risk` values ('b1171703-28c4-4177-820b-50d2cb7d1f7f', 'OpenSSL', '1.0.2a', 'CVE-2017-3738 ');
insert into `seciot`.`library_risk` values ('1c42dead-1519-46a3-a999-cc4b0577ddf9', 'OpenSSL', '1.0.2b', 'CVE-2017-3738 ');
insert into `seciot`.`library_risk` values ('414b2b67-360b-412f-81a1-e095d4f0377a', 'OpenSSL', '1.0.2c', 'CVE-2017-3738 ');
insert into `seciot`.`library_risk` values ('c2ba31df-2ea3-4d28-b040-27a2706ee9c8', 'OpenSSL', '1.0.2d', 'CVE-2017-3738 ');
insert into `seciot`.`library_risk` values ('52430a41-0e0e-4633-9129-6d86a798f469', 'OpenSSL', '1.0.2e', 'CVE-2017-3738 ');
insert into `seciot`.`library_risk` values ('20e2fe40-7497-423e-962c-56aae22dad92', 'OpenSSL', '1.0.2f', 'CVE-2017-3738 ');
insert into `seciot`.`library_risk` values ('00cb13ee-e175-40cc-8fe7-57e3f26ffa94', 'OpenSSL', '1.0.2g', 'CVE-2017-3738 ');
insert into `seciot`.`library_risk` values ('99fa6757-1e05-4c54-acb5-32b18adefe33', 'OpenSSL', '1.0.2h', 'CVE-2017-3738 ');
insert into `seciot`.`library_risk` values ('3b3c7184-b885-4e23-bd4f-16f4f8715db6', 'OpenSSL', '1.0.2i', 'CVE-2017-3738 ');
insert into `seciot`.`library_risk` values ('6fd9be5b-cbd6-40c3-8ef0-8a50233c82bf', 'OpenSSL', '1.0.2j', 'CVE-2017-3738 ');
insert into `seciot`.`library_risk` values ('2ce87f07-b6fd-4e97-a00a-28a7eb3b5a40', 'OpenSSL', '1.0.2k', 'CVE-2017-3738 ');
insert into `seciot`.`library_risk` values ('7745e8f6-9757-4446-ac45-ea9748a4d570', 'OpenSSL', '1.0.2l', 'CVE-2017-3738 ');
insert into `seciot`.`library_risk` values ('8adfeaa2-f48f-4c23-bf73-ef8174b72892', 'OpenSSL', '1.0.2m', 'CVE-2017-3738 ');
insert into `seciot`.`library_risk` values ('bd623f36-cdc3-47df-957c-5120a8f84887', 'OpenSSL', '1.1.0', 'CVE-2017-3738 ');
insert into `seciot`.`library_risk` values ('be916c0e-af42-48cd-93f2-e01de5e4c12c', 'OpenSSL', '1.1.0a', 'CVE-2017-3738 ');
insert into `seciot`.`library_risk` values ('8696f3c7-c119-4c06-8091-59bc04b44e1c', 'OpenSSL', '1.1.0b', 'CVE-2017-3738 ');
insert into `seciot`.`library_risk` values ('de5668ac-e91b-46d4-8471-90eec5db5b58', 'OpenSSL', '1.1.0c', 'CVE-2017-3738 ');
insert into `seciot`.`library_risk` values ('5d9f39d5-0c58-4b21-b6cd-7ac16c78189f', 'OpenSSL', '1.1.0d', 'CVE-2017-3738 ');
insert into `seciot`.`library_risk` values ('ac3601eb-beef-4810-bb4d-7816481a1dbb', 'OpenSSL', '1.1.0e', 'CVE-2017-3738 ');
insert into `seciot`.`library_risk` values ('55d892d7-6ede-4038-aeea-235d46c7500a', 'OpenSSL', '1.1.0f', 'CVE-2017-3738 ');
insert into `seciot`.`library_risk` values ('7f4565a4-69e9-42b9-b48c-9b0e832581a4', 'OpenSSL', '1.1.0g', 'CVE-2017-3738 ');
insert into `seciot`.`cve` values ('CVE-2017-3737', 'Medium', '', 'Linux', '');
insert into `seciot`.`cve_category` values ('CVE-2017-3737', 'Firmware');
insert into `seciot`.`library_risk` values ('4a6996a6-52af-4d9e-b1c1-e0caf5c10f8c', 'OpenSSL', '1.0.2b', 'CVE-2017-3737');
insert into `seciot`.`library_risk` values ('7c0a236b-b027-4c70-bfe5-82b226630faa', 'OpenSSL', '1.0.2c', 'CVE-2017-3737');
insert into `seciot`.`library_risk` values ('2957154c-5759-42e2-8764-06d4ed516d5e', 'OpenSSL', '1.0.2d', 'CVE-2017-3737');
insert into `seciot`.`library_risk` values ('59b2a1c8-7143-441b-b4cd-d7db6b65e4df', 'OpenSSL', '1.0.2e', 'CVE-2017-3737');
insert into `seciot`.`library_risk` values ('f8519176-50b4-47e5-bd17-c4847fbd368f', 'OpenSSL', '1.0.2f', 'CVE-2017-3737');
insert into `seciot`.`library_risk` values ('72db8e1c-9a87-4101-bc91-3d8b085e2f1e', 'OpenSSL', '1.0.2g', 'CVE-2017-3737');
insert into `seciot`.`library_risk` values ('b6700be3-a1c3-4397-b7f2-ff43c0a8775f', 'OpenSSL', '1.0.2h', 'CVE-2017-3737');
insert into `seciot`.`library_risk` values ('9e719319-9dfd-4104-9797-bc7e632b9a68', 'OpenSSL', '1.0.2i', 'CVE-2017-3737');
insert into `seciot`.`library_risk` values ('923d9236-43cc-4e94-a95c-1baead7df36c', 'OpenSSL', '1.0.2j', 'CVE-2017-3737');
insert into `seciot`.`library_risk` values ('5976b90e-e323-438e-b84c-e50b38befac4', 'OpenSSL', '1.0.2k', 'CVE-2017-3737');
insert into `seciot`.`library_risk` values ('44e19e77-6b04-4a22-9b96-5bb1ef624c74', 'OpenSSL', '1.0.2l', 'CVE-2017-3737');
insert into `seciot`.`library_risk` values ('37510ec6-cf3e-4287-90a2-5b44770de7a7', 'OpenSSL', '1.0.2m', 'CVE-2017-3737');
insert into `seciot`.`cve` values ('CVE-2017-3736', 'High', '', 'Linux', '');
insert into `seciot`.`cve_category` values ('CVE-2017-3736', 'Firmware');
insert into `seciot`.`library_risk` values ('c50d0785-31ed-4b8a-a6f7-bddf319660d3', 'OpenSSL', '1.0.2', 'CVE-2017-3736');
insert into `seciot`.`library_risk` values ('aa404fbb-be04-4cf2-af12-91f9dfd4257c', 'OpenSSL', '1.0.2a', 'CVE-2017-3736');
insert into `seciot`.`library_risk` values ('275bb187-abde-4ca3-ac1e-7f339c7a70aa', 'OpenSSL', '1.0.2b', 'CVE-2017-3736');
insert into `seciot`.`library_risk` values ('75c5a71b-5426-4eaa-9548-32c2e3038b1e', 'OpenSSL', '1.0.2c', 'CVE-2017-3736');
insert into `seciot`.`library_risk` values ('8ad2e6ee-f187-43ee-99b8-6cd463a43d9c', 'OpenSSL', '1.0.2d', 'CVE-2017-3736');
insert into `seciot`.`library_risk` values ('e601b163-597c-4624-804d-07f6ff78f9b9', 'OpenSSL', '1.0.2e', 'CVE-2017-3736');
insert into `seciot`.`library_risk` values ('382aee60-0521-4a8c-a92c-f403dce4fe99', 'OpenSSL', '1.0.2f', 'CVE-2017-3736');
insert into `seciot`.`library_risk` values ('98cf08d9-5914-4299-a3be-f3a8e66d7418', 'OpenSSL', '1.0.2g', 'CVE-2017-3736');
insert into `seciot`.`library_risk` values ('ce80ab2d-7718-4ad2-a63a-c85958133c63', 'OpenSSL', '1.0.2h', 'CVE-2017-3736');
insert into `seciot`.`library_risk` values ('5941ee8a-4b35-475a-9f04-e022809d19bd', 'OpenSSL', '1.0.2i', 'CVE-2017-3736');
insert into `seciot`.`library_risk` values ('ec62133b-9f42-4f4e-bef5-26641705e08f', 'OpenSSL', '1.0.2j', 'CVE-2017-3736');
insert into `seciot`.`library_risk` values ('f2511bca-80e0-4fbb-b7d9-aee474d0351f', 'OpenSSL', '1.0.2k', 'CVE-2017-3736');
insert into `seciot`.`library_risk` values ('f3f9bbcb-4331-48af-9ead-ad3c57798134', 'OpenSSL', '1.0.2l', 'CVE-2017-3736');
insert into `seciot`.`library_risk` values ('b215f7d5-5391-4a15-afc1-3576d5095e96', 'OpenSSL', '1.1.0', 'CVE-2017-3736');
insert into `seciot`.`library_risk` values ('47282e6e-ec55-406f-8d41-9222a21e6a4a', 'OpenSSL', '1.1.0a', 'CVE-2017-3736');
insert into `seciot`.`library_risk` values ('d1f52de7-bf1d-4890-8205-866a206a2e5b', 'OpenSSL', '1.1.0b', 'CVE-2017-3736');
insert into `seciot`.`library_risk` values ('596a9e9b-10ee-4713-8141-78786c01cf37', 'OpenSSL', '1.1.0c', 'CVE-2017-3736');
insert into `seciot`.`library_risk` values ('487ce00f-9fb5-4c9f-be38-50fea33d9347', 'OpenSSL', '1.1.0d', 'CVE-2017-3736');
insert into `seciot`.`library_risk` values ('5491636a-85f2-43e6-a051-b7292f6cf9e6', 'OpenSSL', '1.1.0e', 'CVE-2017-3736');
insert into `seciot`.`library_risk` values ('23d5b717-4a14-44f8-84d9-c2c2c76bc5d3', 'OpenSSL', '1.1.0f', 'CVE-2017-3736');
insert into `seciot`.`cve` values ('CVE-2017-3735', 'Low', '', 'Linux', '');
insert into `seciot`.`cve_category` values ('CVE-2017-3735', 'Firmware');
insert into `seciot`.`library_risk` values ('f250ed82-1f9e-42a4-8991-2b34620f345f', 'OpenSSL', '1.0.2', 'CVE-2017-3735');
insert into `seciot`.`library_risk` values ('f6175899-bc54-4365-813f-6cfccb8f1d6e', 'OpenSSL', '1.0.2a', 'CVE-2017-3735');
insert into `seciot`.`library_risk` values ('b4cd4313-fb15-4c25-bc57-82060cfc0e51', 'OpenSSL', '1.0.2b', 'CVE-2017-3735');
insert into `seciot`.`library_risk` values ('d7ef45bc-b085-4d4d-b31c-fab8e3d3e75e', 'OpenSSL', '1.0.2c', 'CVE-2017-3735');
insert into `seciot`.`library_risk` values ('f2ef01c1-34f4-4b03-b6b7-6afc18ddd856', 'OpenSSL', '1.0.2d', 'CVE-2017-3735');
insert into `seciot`.`library_risk` values ('fd96c9d7-d78f-480c-a713-e41db9beb484', 'OpenSSL', '1.0.2e', 'CVE-2017-3735');
insert into `seciot`.`library_risk` values ('8cea3154-6a9f-4aba-8e38-933d05c7f24d', 'OpenSSL', '1.0.2f', 'CVE-2017-3735');
insert into `seciot`.`library_risk` values ('55e68564-8f3a-41c4-b557-916a8bc9c690', 'OpenSSL', '1.0.2g', 'CVE-2017-3735');
insert into `seciot`.`library_risk` values ('ecee1043-a884-4399-b6b1-efe6daae70de', 'OpenSSL', '1.0.2h', 'CVE-2017-3735');
insert into `seciot`.`library_risk` values ('32f494c8-57e0-4ea0-a750-982986f98638', 'OpenSSL', '1.0.2i', 'CVE-2017-3735');
insert into `seciot`.`library_risk` values ('583eb008-a7f0-4029-a0c2-a4ac69844f6e', 'OpenSSL', '1.0.2j', 'CVE-2017-3735');
insert into `seciot`.`library_risk` values ('9e0c70e9-4e56-4d2c-85f5-4d7969a5ffd5', 'OpenSSL', '1.0.2k', 'CVE-2017-3735');
insert into `seciot`.`library_risk` values ('d72a2d14-6e20-4131-9e3b-bdc8d8c4b3c3', 'OpenSSL', '1.0.2l', 'CVE-2017-3735');
insert into `seciot`.`library_risk` values ('4fab2113-5e1f-4a20-9c67-c07d293b60d8', 'OpenSSL', '1.1.0', 'CVE-2017-3735');
insert into `seciot`.`library_risk` values ('5fa85a61-a8fa-4e9d-9bff-456b906dcbfc', 'OpenSSL', '1.1.0a', 'CVE-2017-3735');
insert into `seciot`.`library_risk` values ('b155a531-cd01-4a94-8102-cb8e2cfd77e2', 'OpenSSL', '1.1.0b', 'CVE-2017-3735');
insert into `seciot`.`library_risk` values ('b68beb9e-5e17-48e2-9db9-e6ee889b36de', 'OpenSSL', '1.1.0c', 'CVE-2017-3735');
insert into `seciot`.`library_risk` values ('08f88206-724e-4c79-b569-2c5c1ee8937e', 'OpenSSL', '1.1.0d', 'CVE-2017-3735');
insert into `seciot`.`library_risk` values ('9e7914ab-1256-4008-a07c-1197af8f0cea', 'OpenSSL', '1.1.0e', 'CVE-2017-3735');
insert into `seciot`.`library_risk` values ('2bb9a339-1666-421d-a8e2-ea031cc716a4', 'OpenSSL', '1.1.0f', 'CVE-2017-3735');
insert into `seciot`.`cve` values ('CVE-2017-3733', 'High', '', 'Linux', '');
insert into `seciot`.`cve_category` values ('CVE-2017-3733', 'Firmware');
insert into `seciot`.`library_risk` values ('90cf66cb-955e-42c0-93c6-de5c7bdbcd97', 'OpenSSL', '1.1.0', 'CVE-2017-3733');
insert into `seciot`.`library_risk` values ('192dfa6d-9e33-42dc-9847-84a19bb10dd1', 'OpenSSL', '1.1.0a', 'CVE-2017-3733');
insert into `seciot`.`library_risk` values ('0d9a5fb5-d5ed-49bd-89fa-c49e0f9f8fcc', 'OpenSSL', '1.1.0b', 'CVE-2017-3733');
insert into `seciot`.`library_risk` values ('662f9233-3705-411d-97f0-14208380b8aa', 'OpenSSL', '1.1.0c', 'CVE-2017-3733');
insert into `seciot`.`library_risk` values ('6037a9c1-c2e9-4937-9c1c-58d1f83262cc', 'OpenSSL', '1.1.0d', 'CVE-2017-3733');
insert into `seciot`.`cve` values ('CVE-2017-3732 ', 'Medium', '', 'Linux', '');
insert into `seciot`.`cve_category` values ('CVE-2017-3732 ', 'Firmware');
insert into `seciot`.`library_risk` values ('ea9b953f-049c-4948-ae6e-a4a202630b36', 'OpenSSL', '1.0.2', 'CVE-2017-3732 ');
insert into `seciot`.`library_risk` values ('ee4e1dcc-a2f9-4654-ab9f-1379261dac10', 'OpenSSL', '1.0.2a', 'CVE-2017-3732 ');
insert into `seciot`.`library_risk` values ('cbb3ce33-a148-44a0-be7d-ea4a4829c5ec', 'OpenSSL', '1.0.2b', 'CVE-2017-3732 ');
insert into `seciot`.`library_risk` values ('ef5a60fc-49c9-4112-bf05-f7eaebaf0150', 'OpenSSL', '1.0.2c', 'CVE-2017-3732 ');
insert into `seciot`.`library_risk` values ('a900f15e-312e-4f45-8fd0-26fa33419375', 'OpenSSL', '1.0.2d', 'CVE-2017-3732 ');
insert into `seciot`.`library_risk` values ('edcc4868-102f-4ec9-a5e7-b4369f7d13be', 'OpenSSL', '1.0.2e', 'CVE-2017-3732 ');
insert into `seciot`.`library_risk` values ('5151f324-b7dd-4242-9a72-892bf9135345', 'OpenSSL', '1.0.2f', 'CVE-2017-3732 ');
insert into `seciot`.`library_risk` values ('08b7fab4-b27a-4f44-96cc-56c252baa0ff', 'OpenSSL', '1.0.2g', 'CVE-2017-3732 ');
insert into `seciot`.`library_risk` values ('5a7bb521-a4ac-44ac-b1ab-7d835568ffc9', 'OpenSSL', '1.0.2h', 'CVE-2017-3732 ');
insert into `seciot`.`library_risk` values ('7ae45bdd-11b8-45a9-879a-2382e1839761', 'OpenSSL', '1.0.2i', 'CVE-2017-3732 ');
insert into `seciot`.`library_risk` values ('bd5618ab-76e5-44b0-afd4-a4252d9bd4e7', 'OpenSSL', '1.0.2j', 'CVE-2017-3732 ');
insert into `seciot`.`library_risk` values ('6b5613cd-9212-4911-a037-0ffd4de16e88', 'OpenSSL', '1.1.0', 'CVE-2017-3732 ');
insert into `seciot`.`library_risk` values ('a05eb89f-db37-49b5-8d92-f6a6dd4af3db', 'OpenSSL', '1.1.0a', 'CVE-2017-3732 ');
insert into `seciot`.`library_risk` values ('65b297d4-f231-483f-85a7-213c95526e6a', 'OpenSSL', '1.1.0b', 'CVE-2017-3732 ');
insert into `seciot`.`library_risk` values ('072b5398-8963-419c-a509-b9b6d7c2cc0f', 'OpenSSL', '1.1.0c', 'CVE-2017-3732 ');
insert into `seciot`.`cve` values ('CVE-2017-3731', 'Medium', '', 'Linux', '');
insert into `seciot`.`cve_category` values ('CVE-2017-3731', 'Firmware');
insert into `seciot`.`library_risk` values ('fc449c36-16ab-48ab-8cc5-1187424746c3', 'OpenSSL', '1.0.2', 'CVE-2017-3731');
insert into `seciot`.`library_risk` values ('d211d8f0-86df-41c2-924c-f8b51954a5c9', 'OpenSSL', '1.0.2a', 'CVE-2017-3731');
insert into `seciot`.`library_risk` values ('4df148c6-7fc9-4260-bebb-0c9afb174d5d', 'OpenSSL', '1.0.2b', 'CVE-2017-3731');
insert into `seciot`.`library_risk` values ('62b3fd98-ceef-4993-964d-e62c418a6109', 'OpenSSL', '1.0.2c', 'CVE-2017-3731');
insert into `seciot`.`library_risk` values ('48fdbe2f-e5dc-4489-b6b6-4e235cea90b0', 'OpenSSL', '1.0.2d', 'CVE-2017-3731');
insert into `seciot`.`library_risk` values ('26b89aa5-8f25-4037-a4c5-b1a094b27dc2', 'OpenSSL', '1.0.2e', 'CVE-2017-3731');
insert into `seciot`.`library_risk` values ('a77db2bf-203d-4004-a6d6-b0a2cfdbc01d', 'OpenSSL', '1.0.2f', 'CVE-2017-3731');
insert into `seciot`.`library_risk` values ('d7328c45-0d7d-43ac-afdf-7ef080ef7996', 'OpenSSL', '1.0.2g', 'CVE-2017-3731');
insert into `seciot`.`library_risk` values ('eb6358b0-68bf-4b52-a575-e3502c7ee13b', 'OpenSSL', '1.0.2h', 'CVE-2017-3731');
insert into `seciot`.`library_risk` values ('b67ff61d-275e-4ed3-95a6-3cd47db547c3', 'OpenSSL', '1.0.2i', 'CVE-2017-3731');
insert into `seciot`.`library_risk` values ('9336d8ba-40d3-40dd-8014-c2a8334c41f8', 'OpenSSL', '1.0.2j', 'CVE-2017-3731');
insert into `seciot`.`library_risk` values ('9a485776-c0db-4b9b-be88-43322a2f9696', 'OpenSSL', '1.1.0', 'CVE-2017-3731');
insert into `seciot`.`library_risk` values ('96f427cb-f8a9-45c5-8cc0-140d57a4138a', 'OpenSSL', '1.1.0a', 'CVE-2017-3731');
insert into `seciot`.`library_risk` values ('dcc5dae9-29fe-411d-976e-f68b9523c166', 'OpenSSL', '1.1.0b', 'CVE-2017-3731');
insert into `seciot`.`library_risk` values ('6978e57e-c114-4f2a-9932-4583ae6cd6f2', 'OpenSSL', '1.1.0c', 'CVE-2017-3731');
insert into `seciot`.`cve` values ('CVE-2017-3730 ', 'High', '', 'Linux', '');
insert into `seciot`.`cve_category` values ('CVE-2017-3730 ', 'Firmware');
insert into `seciot`.`library_risk` values ('4eb029ce-7c0a-4c28-a55f-8b30de12e25c', 'OpenSSL', '1.1.0', 'CVE-2017-3730 ');
insert into `seciot`.`library_risk` values ('d06484bc-da7f-4591-9a44-ab62819b72d3', 'OpenSSL', '1.1.0a', 'CVE-2017-3730 ');
insert into `seciot`.`library_risk` values ('fa8de700-40b2-4b41-8318-750699f813c4', 'OpenSSL', '1.1.0b', 'CVE-2017-3730 ');
insert into `seciot`.`library_risk` values ('08b0f1ab-b54b-4569-9266-91bfecbd4347', 'OpenSSL', '1.1.0c', 'CVE-2017-3730 ');
insert into `seciot`.`cve` values ('CVE-2016-7055 ', 'Low', '', 'Linux', '');
insert into `seciot`.`cve_category` values ('CVE-2016-7055 ', 'Firmware');
insert into `seciot`.`library_risk` values ('91a5cc23-11ad-4bb1-a330-6d637c04306f', 'OpenSSL', '1.0.2', 'CVE-2016-7055 ');
insert into `seciot`.`library_risk` values ('2832f79d-2e6c-49d4-b885-26a5ea7ff275', 'OpenSSL', '1.0.2a', 'CVE-2016-7055 ');
insert into `seciot`.`library_risk` values ('406e2654-6e91-4f37-97e3-70c26a15d0b6', 'OpenSSL', '1.0.2b', 'CVE-2016-7055 ');
insert into `seciot`.`library_risk` values ('bebdb881-f131-488d-bec5-bc6643800635', 'OpenSSL', '1.0.2c', 'CVE-2016-7055 ');
insert into `seciot`.`library_risk` values ('f8615e99-bb05-4951-bd77-51dfa482a7d0', 'OpenSSL', '1.0.2d', 'CVE-2016-7055 ');
insert into `seciot`.`library_risk` values ('81042f51-f338-4b0c-adad-1faa98552a3f', 'OpenSSL', '1.0.2e', 'CVE-2016-7055 ');
insert into `seciot`.`library_risk` values ('92e5a996-67be-46c4-8cea-3d7a92c34cc4', 'OpenSSL', '1.0.2f', 'CVE-2016-7055 ');
insert into `seciot`.`library_risk` values ('f5164406-ea21-4933-84b0-bd964e3c0fec', 'OpenSSL', '1.0.2g', 'CVE-2016-7055 ');
insert into `seciot`.`library_risk` values ('41da1159-839a-415b-8777-743b2df82e8d', 'OpenSSL', '1.0.2h', 'CVE-2016-7055 ');
insert into `seciot`.`library_risk` values ('b2b8fbc8-18b6-4ed0-befc-a6baeaf3881b', 'OpenSSL', '1.0.2i', 'CVE-2016-7055 ');
insert into `seciot`.`library_risk` values ('6ffcf266-a3ea-4a75-a1ef-b1bd0d4ad850', 'OpenSSL', '1.0.2j', 'CVE-2016-7055 ');
insert into `seciot`.`library_risk` values ('c17f0041-2428-4487-b39b-72ee577d283c', 'OpenSSL', '1.1.0', 'CVE-2016-7055 ');
insert into `seciot`.`library_risk` values ('07fc80c5-9a0c-4b1c-8e4b-7feed8a255af', 'OpenSSL', '1.1.0a', 'CVE-2016-7055 ');
insert into `seciot`.`library_risk` values ('55e12072-368b-4561-bc8e-2ac001ddb1ff', 'OpenSSL', '1.1.0b', 'CVE-2016-7055 ');
insert into `seciot`.`cve` values ('CVE-2016-7054', 'High', '', 'Linux', '');
insert into `seciot`.`cve_category` values ('CVE-2016-7054', 'Firmware');
insert into `seciot`.`library_risk` values ('8fa82767-3e39-49e1-ac45-913a5af1e988', 'OpenSSL', '1.1.0', 'CVE-2016-7054');
insert into `seciot`.`library_risk` values ('0b66a817-e186-4092-878b-39dc547361ae', 'OpenSSL', '1.1.0a', 'CVE-2016-7054');
insert into `seciot`.`library_risk` values ('36b05c72-9f9e-42a3-ab02-e482445b2784', 'OpenSSL', '1.1.0b', 'CVE-2016-7054');
insert into `seciot`.`cve` values ('CVE-2016-7053 ', 'Medium', '', 'Linux', '');
insert into `seciot`.`cve_category` values ('CVE-2016-7053 ', 'Firmware');
insert into `seciot`.`library_risk` values ('644b2644-f1dd-4a06-af4f-e3f0238db5b8', 'OpenSSL', '1.1.0', 'CVE-2016-7053 ');
insert into `seciot`.`library_risk` values ('b4d4ef9b-4b33-4c92-af28-dfd3a61a4321', 'OpenSSL', '1.1.0a', 'CVE-2016-7053 ');
insert into `seciot`.`library_risk` values ('126f8b33-1377-40b3-aa00-8ff3370daacc', 'OpenSSL', '1.1.0b', 'CVE-2016-7053 ');
insert into `seciot`.`cve` values ('CVE-2016-7052 ', 'Medium', '', 'Linux', '');
insert into `seciot`.`cve_category` values ('CVE-2016-7052 ', 'Firmware');
insert into `seciot`.`library_risk` values ('57ca9994-95c7-4246-b6b8-1fd265a612ff', 'OpenSSL', '1.0.2i', 'CVE-2016-7052 ');
insert into `seciot`.`cve` values ('CVE-2016-6309', 'High', '', 'Linux', '');
insert into `seciot`.`cve_category` values ('CVE-2016-6309', 'Firmware');
insert into `seciot`.`library_risk` values ('37d08218-4fe2-4a3e-841a-c8364194d80f', 'OpenSSL', '1.1.0a', 'CVE-2016-6309');
insert into `seciot`.`cve` values ('CVE-2016-6304 ', 'High', '', 'Linux', '');
insert into `seciot`.`cve_category` values ('CVE-2016-6304 ', 'Firmware');
insert into `seciot`.`library_risk` values ('5a12358f-6db6-4607-be66-8edbb6e15c83', 'OpenSSL', '1.0.2', 'CVE-2016-6304 ');
insert into `seciot`.`library_risk` values ('175201db-a4e5-452e-a90c-e432287d2f36', 'OpenSSL', '1.0.2a', 'CVE-2016-6304 ');
insert into `seciot`.`library_risk` values ('ee5e9138-04a8-4889-b722-0bdd5d73759d', 'OpenSSL', '1.0.2b', 'CVE-2016-6304 ');
insert into `seciot`.`library_risk` values ('a1cc108e-3309-4faa-ba63-cabb027ef5f8', 'OpenSSL', '1.0.2c', 'CVE-2016-6304 ');
insert into `seciot`.`library_risk` values ('e600e812-4cce-4687-8629-4e22e61b56a3', 'OpenSSL', '1.0.2d', 'CVE-2016-6304 ');
insert into `seciot`.`library_risk` values ('2710e580-99d9-4d2b-adfb-6c1b2fe0dcb4', 'OpenSSL', '1.0.2e', 'CVE-2016-6304 ');
insert into `seciot`.`library_risk` values ('1e32ef6e-4ecf-4577-b4b1-942abc452d84', 'OpenSSL', '1.0.2f', 'CVE-2016-6304 ');
insert into `seciot`.`library_risk` values ('47b4d1f3-5957-44e4-a7a6-c744b4abdba3', 'OpenSSL', '1.0.2g', 'CVE-2016-6304 ');
insert into `seciot`.`library_risk` values ('92599764-f69a-4de4-a9d1-3810b9c6f075', 'OpenSSL', '1.0.2h', 'CVE-2016-6304 ');
insert into `seciot`.`library_risk` values ('87fa2700-2cf9-42cf-849c-cac47f69e6db', 'OpenSSL', '1.1.0', 'CVE-2016-6304 ');
insert into `seciot`.`cve` values ('CVE-2016-6308', 'Low', '', 'Linux', '');
insert into `seciot`.`cve_category` values ('CVE-2016-6308', 'Firmware');
insert into `seciot`.`library_risk` values ('9700ecb3-8736-4b5a-a67d-57101a02f790', 'OpenSSL', '1.1.0', 'CVE-2016-6308');
insert into `seciot`.`cve` values ('CVE-2016-6307 ', 'Low', '', 'Linux', '');
insert into `seciot`.`cve_category` values ('CVE-2016-6307 ', 'Firmware');
insert into `seciot`.`library_risk` values ('33cacdf6-a5c4-4657-9fd5-9de84ea799d1', 'OpenSSL', '1.1.0', 'CVE-2016-6307 ');
insert into `seciot`.`cve` values ('CVE-2016-6306 ', 'Low', '', 'Linux', '');
insert into `seciot`.`cve_category` values ('CVE-2016-6306 ', 'Firmware');
insert into `seciot`.`library_risk` values ('481f0299-864a-4170-af26-e98969b811b3', 'OpenSSL', '1.0.2', 'CVE-2016-6306 ');
insert into `seciot`.`library_risk` values ('1f4fe742-d45f-4562-b053-c864aaf46eb9', 'OpenSSL', '1.0.2a', 'CVE-2016-6306 ');
insert into `seciot`.`library_risk` values ('f5d6e532-3c48-49a1-bb28-aec6d7bd15db', 'OpenSSL', '1.0.2b', 'CVE-2016-6306 ');
insert into `seciot`.`library_risk` values ('aa95cc2f-1c07-4cd8-951f-395638ca4e9e', 'OpenSSL', '1.0.2c', 'CVE-2016-6306 ');
insert into `seciot`.`library_risk` values ('03e193cf-8537-4cfb-9126-0310a58e5426', 'OpenSSL', '1.0.2d', 'CVE-2016-6306 ');
insert into `seciot`.`library_risk` values ('7c129c51-700d-49f3-ba16-270a745f6beb', 'OpenSSL', '1.0.2e', 'CVE-2016-6306 ');
insert into `seciot`.`library_risk` values ('c20dae07-a112-4bac-9054-5b18f0dd31e3', 'OpenSSL', '1.0.2f', 'CVE-2016-6306 ');
insert into `seciot`.`library_risk` values ('e9d3ab9d-80e8-4456-bcc2-914c066a5595', 'OpenSSL', '1.0.2g', 'CVE-2016-6306 ');
insert into `seciot`.`library_risk` values ('7b866cda-07be-4000-b54b-32e66b37c4f8', 'OpenSSL', '1.0.2h', 'CVE-2016-6306 ');
insert into `seciot`.`cve` values ('CVE-2016-6303 ', 'Low', '', 'Linux', '');
insert into `seciot`.`cve_category` values ('CVE-2016-6303 ', 'Firmware');
insert into `seciot`.`library_risk` values ('86698f5c-44d0-40e1-b3ae-2d4e4153c3c7', 'OpenSSL', '1.0.2', 'CVE-2016-6303 ');
insert into `seciot`.`library_risk` values ('2d61a9ed-4e5b-4cba-b7dd-e9089ebf66ea', 'OpenSSL', '1.0.2a', 'CVE-2016-6303 ');
insert into `seciot`.`library_risk` values ('fcd9c993-5e7b-4d8a-9b93-df0404b969da', 'OpenSSL', '1.0.2b', 'CVE-2016-6303 ');
insert into `seciot`.`library_risk` values ('c6538ea9-cdc7-46c4-9cf9-5500fdb32bf8', 'OpenSSL', '1.0.2c', 'CVE-2016-6303 ');
insert into `seciot`.`library_risk` values ('11ca1149-e743-4079-b448-e0cd2772c831', 'OpenSSL', '1.0.2d', 'CVE-2016-6303 ');
insert into `seciot`.`library_risk` values ('2e024efa-72a0-4d1f-98b6-019eab350973', 'OpenSSL', '1.0.2e', 'CVE-2016-6303 ');
insert into `seciot`.`library_risk` values ('99343e77-359f-4854-a913-69b0dcc2c36b', 'OpenSSL', '1.0.2f', 'CVE-2016-6303 ');
insert into `seciot`.`library_risk` values ('f23c3441-8fea-4fa4-aba9-eb814c37b3ef', 'OpenSSL', '1.0.2g', 'CVE-2016-6303 ');
insert into `seciot`.`library_risk` values ('50b13bef-6fa5-4a52-969b-93873c5c5604', 'OpenSSL', '1.0.2h', 'CVE-2016-6303 ');
insert into `seciot`.`cve` values ('CVE-2016-6302 ', 'Low', '', 'Linux', '');
insert into `seciot`.`cve_category` values ('CVE-2016-6302 ', 'Firmware');
insert into `seciot`.`library_risk` values ('24ef3545-ffda-419b-bf7b-7cf610f264b6', 'OpenSSL', '1.0.2', 'CVE-2016-6302 ');
insert into `seciot`.`library_risk` values ('94689579-e3a6-4544-b4ee-96499aecf016', 'OpenSSL', '1.0.2a', 'CVE-2016-6302 ');
insert into `seciot`.`library_risk` values ('dabf856b-f0bb-4b53-826e-3b0107f9e6d8', 'OpenSSL', '1.0.2b', 'CVE-2016-6302 ');
insert into `seciot`.`library_risk` values ('7e7a946a-a73d-4194-a295-ed3c449c5e27', 'OpenSSL', '1.0.2c', 'CVE-2016-6302 ');
insert into `seciot`.`library_risk` values ('d0303129-82b5-4fde-8942-a83684009c24', 'OpenSSL', '1.0.2d', 'CVE-2016-6302 ');
insert into `seciot`.`library_risk` values ('4bfa4f4b-bdb7-4984-8fa2-db765adc71b3', 'OpenSSL', '1.0.2e', 'CVE-2016-6302 ');
insert into `seciot`.`library_risk` values ('3e99fcd4-4190-4155-a9dd-30317e6e85a8', 'OpenSSL', '1.0.2f', 'CVE-2016-6302 ');
insert into `seciot`.`library_risk` values ('2bd3c7b3-36de-46dd-845f-5f82c056833f', 'OpenSSL', '1.0.2g', 'CVE-2016-6302 ');
insert into `seciot`.`library_risk` values ('83d1e364-d47f-4bd3-a16e-c69aa185655b', 'OpenSSL', '1.0.2h', 'CVE-2016-6302 ');
insert into `seciot`.`cve` values ('CVE-2016-2179', 'Low', '', 'Linux', '');
insert into `seciot`.`cve_category` values ('CVE-2016-2179', 'Firmware');
insert into `seciot`.`library_risk` values ('cb642f5c-2a60-47aa-a127-84f355dc4cfd', 'OpenSSL', '1.0.2', 'CVE-2016-2179');
insert into `seciot`.`library_risk` values ('a1bb5282-812f-4c83-b905-98abc098147b', 'OpenSSL', '1.0.2a', 'CVE-2016-2179');
insert into `seciot`.`library_risk` values ('a12029ed-d641-4de0-b8ab-5417cf4f7623', 'OpenSSL', '1.0.2b', 'CVE-2016-2179');
insert into `seciot`.`library_risk` values ('213dcdc2-c6e6-45b1-9dc2-0c8f47801150', 'OpenSSL', '1.0.2c', 'CVE-2016-2179');
insert into `seciot`.`library_risk` values ('d9e9c896-7cce-4c9c-a619-bdd2f5bf7112', 'OpenSSL', '1.0.2d', 'CVE-2016-2179');
insert into `seciot`.`library_risk` values ('58ae0c17-4b03-4dc6-adc0-88ad401a2459', 'OpenSSL', '1.0.2e', 'CVE-2016-2179');
insert into `seciot`.`library_risk` values ('b557819c-1ea2-4653-9fe0-025df8f5ca37', 'OpenSSL', '1.0.2f', 'CVE-2016-2179');
insert into `seciot`.`library_risk` values ('42750dfb-3e97-4050-9567-41e35eddf6e1', 'OpenSSL', '1.0.2g', 'CVE-2016-2179');
insert into `seciot`.`library_risk` values ('c6e9796f-31df-429b-b3e6-9d5a7f0e62d2', 'OpenSSL', '1.0.2h', 'CVE-2016-2179');
insert into `seciot`.`cve` values ('CVE-2016-2181', 'Low', '', 'Linux', '');
insert into `seciot`.`cve_category` values ('CVE-2016-2181', 'Firmware');
insert into `seciot`.`library_risk` values ('beeda878-9a10-4e64-a4c2-089277c32683', 'OpenSSL', '1.0.2', 'CVE-2016-2181');
insert into `seciot`.`library_risk` values ('542ac3c5-92d4-4bd1-8523-500336c48e9b', 'OpenSSL', '1.0.2a', 'CVE-2016-2181');
insert into `seciot`.`library_risk` values ('2dcdf1f9-d031-4c17-8ce0-18389054f009', 'OpenSSL', '1.0.2b', 'CVE-2016-2181');
insert into `seciot`.`library_risk` values ('95167eca-6392-41df-b6a2-18631e706eed', 'OpenSSL', '1.0.2c', 'CVE-2016-2181');
insert into `seciot`.`library_risk` values ('23c21a40-d11f-4809-b85c-560c0f8d3c89', 'OpenSSL', '1.0.2d', 'CVE-2016-2181');
insert into `seciot`.`library_risk` values ('b8089c02-da70-4264-8c15-6d0ead29057f', 'OpenSSL', '1.0.2e', 'CVE-2016-2181');
insert into `seciot`.`library_risk` values ('948a18df-a05d-4224-b5a3-d48166906a57', 'OpenSSL', '1.0.2f', 'CVE-2016-2181');
insert into `seciot`.`library_risk` values ('aa2bee62-8503-4576-8d6f-002a2304eeaf', 'OpenSSL', '1.0.2g', 'CVE-2016-2181');
insert into `seciot`.`library_risk` values ('eaa3bca5-336c-42f3-b0da-71d50f0a0134', 'OpenSSL', '1.0.2h', 'CVE-2016-2181');
insert into `seciot`.`cve` values ('CVE-2016-2182 ', 'Low', '', 'Linux', '');
insert into `seciot`.`cve_category` values ('CVE-2016-2182 ', 'Firmware');
insert into `seciot`.`library_risk` values ('171237e1-cda4-4325-ac93-e3415efd5988', 'OpenSSL', '1.0.2', 'CVE-2016-2182 ');
insert into `seciot`.`library_risk` values ('1a62ccad-b30c-4e2d-b3e1-29e41b3803d6', 'OpenSSL', '1.0.2a', 'CVE-2016-2182 ');
insert into `seciot`.`library_risk` values ('c963bc61-e71c-4cb3-b0f0-9db15cab093b', 'OpenSSL', '1.0.2b', 'CVE-2016-2182 ');
insert into `seciot`.`library_risk` values ('eb08c28f-aa24-44d5-adff-3dfd7e153c5a', 'OpenSSL', '1.0.2c', 'CVE-2016-2182 ');
insert into `seciot`.`library_risk` values ('4376dc98-c293-41ea-96fe-9dbf9e29d752', 'OpenSSL', '1.0.2d', 'CVE-2016-2182 ');
insert into `seciot`.`library_risk` values ('23ff8cb8-64a7-49e8-8dac-d1b92252a95a', 'OpenSSL', '1.0.2e', 'CVE-2016-2182 ');
insert into `seciot`.`library_risk` values ('91782268-0813-41c9-bccb-b047d73fe2b2', 'OpenSSL', '1.0.2f', 'CVE-2016-2182 ');
insert into `seciot`.`library_risk` values ('431c198c-6265-42f2-a7e6-b5054c8c1eac', 'OpenSSL', '1.0.2g', 'CVE-2016-2182 ');
insert into `seciot`.`library_risk` values ('7690ed9b-1262-4a16-b199-5ea8adb9805d', 'OpenSSL', '1.0.2h', 'CVE-2016-2182 ');
insert into `seciot`.`cve` values ('CVE-2016-2180', 'Low', '', 'Linux', '');
insert into `seciot`.`cve_category` values ('CVE-2016-2180', 'Firmware');
insert into `seciot`.`library_risk` values ('2c3a13b8-cfc5-47d4-b0a2-b3673a4410b6', 'OpenSSL', '1.0.2', 'CVE-2016-2180');
insert into `seciot`.`library_risk` values ('3a256a51-d682-4978-9692-4d1af6514773', 'OpenSSL', '1.0.2a', 'CVE-2016-2180');
insert into `seciot`.`library_risk` values ('d7db8a4e-6c1d-49e8-977b-8d710782ca89', 'OpenSSL', '1.0.2b', 'CVE-2016-2180');
insert into `seciot`.`library_risk` values ('1e238bfa-7ac7-48ee-aa10-91a79306f294', 'OpenSSL', '1.0.2c', 'CVE-2016-2180');
insert into `seciot`.`library_risk` values ('d832c6f6-92cb-4f0a-a1bf-285f8f24abde', 'OpenSSL', '1.0.2d', 'CVE-2016-2180');
insert into `seciot`.`library_risk` values ('3d81520f-ab42-497f-b3f1-4be68d11cae8', 'OpenSSL', '1.0.2e', 'CVE-2016-2180');
insert into `seciot`.`library_risk` values ('f7ffd283-ca6e-478e-825c-cb98b9af1d46', 'OpenSSL', '1.0.2f', 'CVE-2016-2180');
insert into `seciot`.`library_risk` values ('7a25b942-4815-45fe-a2fc-49e72f0da828', 'OpenSSL', '1.0.2g', 'CVE-2016-2180');
insert into `seciot`.`library_risk` values ('f7cf3c3b-4f32-4994-a982-66576fea710c', 'OpenSSL', '1.0.2h', 'CVE-2016-2180');
insert into `seciot`.`cve` values ('CVE-2016-2178', 'Low', '', 'Linux', '');
insert into `seciot`.`cve_category` values ('CVE-2016-2178', 'Firmware');
insert into `seciot`.`library_risk` values ('dd8793b1-fe6b-42e4-bc1f-be064ec3bf3b', 'OpenSSL', '1.0.2', 'CVE-2016-2178');
insert into `seciot`.`library_risk` values ('cfc9929d-869b-4139-8c2c-e6bfbc131baa', 'OpenSSL', '1.0.2a', 'CVE-2016-2178');
insert into `seciot`.`library_risk` values ('65f43da7-7271-47e9-8988-050f00f66392', 'OpenSSL', '1.0.2b', 'CVE-2016-2178');
insert into `seciot`.`library_risk` values ('61f04f1c-ef51-4ada-b5c2-ea9a1fcaccec', 'OpenSSL', '1.0.2c', 'CVE-2016-2178');
insert into `seciot`.`library_risk` values ('486e99cd-30f9-4a7d-817a-7d2298a0f481', 'OpenSSL', '1.0.2d', 'CVE-2016-2178');
insert into `seciot`.`library_risk` values ('52ef39d0-e427-42a3-b841-187802d2c835', 'OpenSSL', '1.0.2e', 'CVE-2016-2178');
insert into `seciot`.`library_risk` values ('a0e760a5-09b9-4c88-9e65-72802e7be10d', 'OpenSSL', '1.0.2f', 'CVE-2016-2178');
insert into `seciot`.`library_risk` values ('0c233e26-315b-4ac4-929b-1dbc20ddb8d8', 'OpenSSL', '1.0.2g', 'CVE-2016-2178');
insert into `seciot`.`library_risk` values ('1f6b264e-6852-4b64-a6e6-f70b2512ab47', 'OpenSSL', '1.0.2h', 'CVE-2016-2178');
insert into `seciot`.`cve` values ('CVE-2016-2177 ', 'Low', '', 'Linux', '');
insert into `seciot`.`cve_category` values ('CVE-2016-2177 ', 'Firmware');
insert into `seciot`.`library_risk` values ('70106866-c6db-4af4-9b55-a95231456cae', 'OpenSSL', '1.0.2', 'CVE-2016-2177 ');
insert into `seciot`.`library_risk` values ('8326e39e-b515-4871-a8c8-7a01e25e86f8', 'OpenSSL', '1.0.2a', 'CVE-2016-2177 ');
insert into `seciot`.`library_risk` values ('71fb6e93-06a1-487a-91c8-347b3a747d55', 'OpenSSL', '1.0.2b', 'CVE-2016-2177 ');
insert into `seciot`.`library_risk` values ('807931dd-75cd-49ec-a9cb-f641d59c005e', 'OpenSSL', '1.0.2c', 'CVE-2016-2177 ');
insert into `seciot`.`library_risk` values ('613928be-16b4-4ff9-82cf-b119b9496185', 'OpenSSL', '1.0.2d', 'CVE-2016-2177 ');
insert into `seciot`.`library_risk` values ('8fe45079-6ff8-483f-88e8-9d9ffe89f4cd', 'OpenSSL', '1.0.2e', 'CVE-2016-2177 ');
insert into `seciot`.`library_risk` values ('8460f28c-ab87-4771-8c7c-d30625cb0173', 'OpenSSL', '1.0.2f', 'CVE-2016-2177 ');
insert into `seciot`.`library_risk` values ('fe5e357e-40f3-446c-a0b5-6dd821d8e0c1', 'OpenSSL', '1.0.2g', 'CVE-2016-2177 ');
insert into `seciot`.`library_risk` values ('5402b020-6ae6-43df-beea-b0423f39742a', 'OpenSSL', '1.0.2h', 'CVE-2016-2177 ');
insert into `seciot`.`cve` values ('CVE-2016-2176', 'Low', '', 'Linux', '');
insert into `seciot`.`cve_category` values ('CVE-2016-2176', 'Firmware');
insert into `seciot`.`library_risk` values ('d790e8d1-d0d8-4079-ae87-afa8c47cfe01', 'OpenSSL', '1.0.2', 'CVE-2016-2176');
insert into `seciot`.`library_risk` values ('05994534-c5c8-4dce-adb4-3dcce01c8f0a', 'OpenSSL', '1.0.2a', 'CVE-2016-2176');
insert into `seciot`.`library_risk` values ('c7ea7cbd-59f2-4c7c-abf3-43e8e541c4ec', 'OpenSSL', '1.0.2b', 'CVE-2016-2176');
insert into `seciot`.`library_risk` values ('328917d2-29d5-43eb-a48d-cf7025566161', 'OpenSSL', '1.0.2c', 'CVE-2016-2176');
insert into `seciot`.`library_risk` values ('784d626d-7ac4-4904-aaa7-2dff5a88063e', 'OpenSSL', '1.0.2d', 'CVE-2016-2176');
insert into `seciot`.`library_risk` values ('14a2f3be-d2ad-47eb-bb10-5f374cbcde8c', 'OpenSSL', '1.0.2e', 'CVE-2016-2176');
insert into `seciot`.`library_risk` values ('50ab237f-de76-45b7-8332-9dd7802ff0b4', 'OpenSSL', '1.0.2f', 'CVE-2016-2176');
insert into `seciot`.`library_risk` values ('513794a4-f860-43d4-b782-47d1c4933009', 'OpenSSL', '1.0.2g', 'CVE-2016-2176');
insert into `seciot`.`cve` values ('CVE-2016-2109', 'Low', '', 'Linux', '');
insert into `seciot`.`cve_category` values ('CVE-2016-2109', 'Firmware');
insert into `seciot`.`library_risk` values ('6d205f7d-163a-4b6d-95e6-9ca71a6c611d', 'OpenSSL', '1.0.2', 'CVE-2016-2109');
insert into `seciot`.`library_risk` values ('fc12b403-482c-442c-b108-92f7e958a5ea', 'OpenSSL', '1.0.2a', 'CVE-2016-2109');
insert into `seciot`.`library_risk` values ('e382dbb4-6ea9-4e80-8679-b3dd1fd55c42', 'OpenSSL', '1.0.2b', 'CVE-2016-2109');
insert into `seciot`.`library_risk` values ('51a7d43b-2a31-49d0-a086-bc9b7e7c9970', 'OpenSSL', '1.0.2c', 'CVE-2016-2109');
insert into `seciot`.`library_risk` values ('23566e81-3146-4b9b-8743-43126c678588', 'OpenSSL', '1.0.2d', 'CVE-2016-2109');
insert into `seciot`.`library_risk` values ('12b220a9-903d-47f3-a5ea-277bfe7fe347', 'OpenSSL', '1.0.2e', 'CVE-2016-2109');
insert into `seciot`.`library_risk` values ('33770406-d072-452d-8f98-98f8fd07f75b', 'OpenSSL', '1.0.2f', 'CVE-2016-2109');
insert into `seciot`.`library_risk` values ('5b46ac66-69b7-41c8-88bd-689712eb6d34', 'OpenSSL', '1.0.2g', 'CVE-2016-2109');
insert into `seciot`.`cve` values ('CVE-2016-2108 ', 'High', '', 'Linux', '');
insert into `seciot`.`cve_category` values ('CVE-2016-2108 ', 'Firmware');
insert into `seciot`.`library_risk` values ('a510845e-c52c-47f4-86e1-fa2beacf30f6', 'OpenSSL', '1.0.2', 'CVE-2016-2108 ');
insert into `seciot`.`library_risk` values ('45f0ea6d-3112-4a75-bc19-0e398eae648b', 'OpenSSL', '1.0.2a', 'CVE-2016-2108 ');
insert into `seciot`.`library_risk` values ('5fdd3e6d-577e-4f80-ae9c-9de2461698cd', 'OpenSSL', '1.0.2b', 'CVE-2016-2108 ');
insert into `seciot`.`cve` values ('CVE-2016-2107', 'High', '', 'Linux', '');
insert into `seciot`.`cve_category` values ('CVE-2016-2107', 'Firmware');
insert into `seciot`.`library_risk` values ('e4072213-6e96-4fae-899f-87ab6c4cca88', 'OpenSSL', '1.0.2', 'CVE-2016-2107');
insert into `seciot`.`library_risk` values ('43b3490c-66ed-45d8-af1c-f0acb91ab7a4', 'OpenSSL', '1.0.2a', 'CVE-2016-2107');
insert into `seciot`.`library_risk` values ('5eebb02b-d4e9-4e66-a512-3c5d7bd49066', 'OpenSSL', '1.0.2b', 'CVE-2016-2107');
insert into `seciot`.`library_risk` values ('e5e70c99-a221-4560-a800-a7b003310a77', 'OpenSSL', '1.0.2c', 'CVE-2016-2107');
insert into `seciot`.`library_risk` values ('016d779a-4044-45a1-bfa8-fb49a6d9d59f', 'OpenSSL', '1.0.2d', 'CVE-2016-2107');
insert into `seciot`.`library_risk` values ('d812eb05-ee25-48df-ba86-447cdb4af628', 'OpenSSL', '1.0.2e', 'CVE-2016-2107');
insert into `seciot`.`library_risk` values ('6cdf2589-0992-4ead-b414-9cf69cee5604', 'OpenSSL', '1.0.2f', 'CVE-2016-2107');
insert into `seciot`.`library_risk` values ('b4835b59-ea2e-4ff3-bc40-6b45c65371c6', 'OpenSSL', '1.0.2g', 'CVE-2016-2107');
insert into `seciot`.`cve` values ('CVE-2016-2106', 'Low', '', 'Linux', '');
insert into `seciot`.`cve_category` values ('CVE-2016-2106', 'Firmware');
insert into `seciot`.`library_risk` values ('e8ad5302-f04d-457e-88a9-234a51b534b4', 'OpenSSL', '1.0.2', 'CVE-2016-2106');
insert into `seciot`.`library_risk` values ('f61b8cf1-3c2e-453a-b325-2767abec74ce', 'OpenSSL', '1.0.2a', 'CVE-2016-2106');
insert into `seciot`.`library_risk` values ('40fb1c65-678f-471c-848b-505cfea62fbe', 'OpenSSL', '1.0.2b', 'CVE-2016-2106');
insert into `seciot`.`library_risk` values ('361da139-f993-41a8-ad68-fcbc91fdb62a', 'OpenSSL', '1.0.2c', 'CVE-2016-2106');
insert into `seciot`.`library_risk` values ('b7eaf1e0-c1a1-4891-936f-4b62fdb50701', 'OpenSSL', '1.0.2d', 'CVE-2016-2106');
insert into `seciot`.`library_risk` values ('f7d00253-7d3f-4053-be70-dc01abee2b92', 'OpenSSL', '1.0.2e', 'CVE-2016-2106');
insert into `seciot`.`library_risk` values ('ccf31701-7fcd-4efe-9dad-f0d3b18d344b', 'OpenSSL', '1.0.2f', 'CVE-2016-2106');
insert into `seciot`.`library_risk` values ('20d95532-64d1-46cb-a907-d6fb4136deb2', 'OpenSSL', '1.0.2g', 'CVE-2016-2106');
insert into `seciot`.`cve` values ('CVE-2016-2105', 'Low', '', 'Linux', '');
insert into `seciot`.`cve_category` values ('CVE-2016-2105', 'Firmware');
insert into `seciot`.`library_risk` values ('f9877094-4b66-4d65-a588-682dc4a42c2d', 'OpenSSL', '1.0.2', 'CVE-2016-2105');
insert into `seciot`.`library_risk` values ('1f3bc132-72c5-4268-855c-c7fd22ee0e6b', 'OpenSSL', '1.0.2a', 'CVE-2016-2105');
insert into `seciot`.`library_risk` values ('4e4672ec-70ef-46fb-b2b6-06e17c0bbe3f', 'OpenSSL', '1.0.2b', 'CVE-2016-2105');
insert into `seciot`.`library_risk` values ('1dbfba50-4cce-403e-9df7-2ba57bc27826', 'OpenSSL', '1.0.2c', 'CVE-2016-2105');
insert into `seciot`.`library_risk` values ('a459e6e3-3f21-45a4-8cec-fc5d6718bc91', 'OpenSSL', '1.0.2d', 'CVE-2016-2105');
insert into `seciot`.`library_risk` values ('a10ff896-bc58-4587-93d8-5c9eda3b45a5', 'OpenSSL', '1.0.2e', 'CVE-2016-2105');
insert into `seciot`.`library_risk` values ('23126986-616e-4e63-af80-7cfaaf981135', 'OpenSSL', '1.0.2f', 'CVE-2016-2105');
insert into `seciot`.`library_risk` values ('33cf779a-efd0-4f83-b530-d192af0be0d0', 'OpenSSL', '1.0.2g', 'CVE-2016-2105');
insert into `seciot`.`cve` values ('CVE-2016-0800', 'High', '', 'Linux', '');
insert into `seciot`.`cve_category` values ('CVE-2016-0800', 'Firmware');
insert into `seciot`.`library_risk` values ('f10b791a-2533-4221-be28-bb8d1fc472ac', 'OpenSSL', '1.0.2', 'CVE-2016-0800');
insert into `seciot`.`library_risk` values ('56978288-8ba0-4619-b39c-b259ce0da0b4', 'OpenSSL', '1.0.2a', 'CVE-2016-0800');
insert into `seciot`.`library_risk` values ('b0058606-38c0-499b-937c-6d5e5e236da7', 'OpenSSL', '1.0.2b', 'CVE-2016-0800');
insert into `seciot`.`library_risk` values ('030f82c2-418d-4350-819e-87ffce8cd8fe', 'OpenSSL', '1.0.2c', 'CVE-2016-0800');
insert into `seciot`.`library_risk` values ('c9f6b09d-13ef-4e37-abba-0794796bea10', 'OpenSSL', '1.0.2d', 'CVE-2016-0800');
insert into `seciot`.`library_risk` values ('e42c17ab-c9fa-4426-9333-9cc2e20a6ac8', 'OpenSSL', '1.0.2e', 'CVE-2016-0800');
insert into `seciot`.`library_risk` values ('538d17cc-42b8-41f1-8bd7-15d337544305', 'OpenSSL', '1.0.2f', 'CVE-2016-0800');
insert into `seciot`.`cve` values ('CVE-2016-0799 ', 'Low', '', 'Linux', '');
insert into `seciot`.`cve_category` values ('CVE-2016-0799 ', 'Firmware');
insert into `seciot`.`library_risk` values ('7514b568-9751-439d-84a9-576156240c6c', 'OpenSSL', '1.0.2', 'CVE-2016-0799 ');
insert into `seciot`.`library_risk` values ('5e9b7c55-389e-4deb-81bb-dab32c313446', 'OpenSSL', '1.0.2a', 'CVE-2016-0799 ');
insert into `seciot`.`library_risk` values ('26bcfc74-e433-4af7-b18b-e10b6a25e4d7', 'OpenSSL', '1.0.2b', 'CVE-2016-0799 ');
insert into `seciot`.`library_risk` values ('5234ced1-7b54-4e16-bfca-0933553ebc6c', 'OpenSSL', '1.0.2c', 'CVE-2016-0799 ');
insert into `seciot`.`library_risk` values ('480f38f2-1f3e-4485-8305-b96ba005c3e8', 'OpenSSL', '1.0.2d', 'CVE-2016-0799 ');
insert into `seciot`.`library_risk` values ('7b857a40-df18-40ce-a42f-9083dfd128a4', 'OpenSSL', '1.0.2e', 'CVE-2016-0799 ');
insert into `seciot`.`library_risk` values ('06437a97-6552-4375-9b46-5ea1bcfb6a2a', 'OpenSSL', '1.0.2f', 'CVE-2016-0799 ');
insert into `seciot`.`cve` values ('CVE-2016-0798 ', 'Low', '', 'Linux', '');
insert into `seciot`.`cve_category` values ('CVE-2016-0798 ', 'Firmware');
insert into `seciot`.`library_risk` values ('043596d5-cff8-45fe-b4c9-1e06d0d3f68a', 'OpenSSL', '1.0.2', 'CVE-2016-0798 ');
insert into `seciot`.`library_risk` values ('e9c5c4d1-8d4c-47c9-8891-0c42252c561d', 'OpenSSL', '1.0.2a', 'CVE-2016-0798 ');
insert into `seciot`.`library_risk` values ('88fcab3e-4c27-4438-8e0a-d6bd67ebf77b', 'OpenSSL', '1.0.2b', 'CVE-2016-0798 ');
insert into `seciot`.`library_risk` values ('9e1658a0-40a2-40fa-8555-c25ed8ac5a65', 'OpenSSL', '1.0.2c', 'CVE-2016-0798 ');
insert into `seciot`.`library_risk` values ('02ca139c-d7bd-460c-af28-41a36b75e468', 'OpenSSL', '1.0.2d', 'CVE-2016-0798 ');
insert into `seciot`.`library_risk` values ('20fc8f2a-99fc-4bfe-911f-1b734d96464b', 'OpenSSL', '1.0.2e', 'CVE-2016-0798 ');
insert into `seciot`.`library_risk` values ('98e02bd1-3154-4f4d-8801-5c59124516f8', 'OpenSSL', '1.0.2f', 'CVE-2016-0798 ');
insert into `seciot`.`cve` values ('CVE-2016-0797', 'Low', '', 'Linux', '');
insert into `seciot`.`cve_category` values ('CVE-2016-0797', 'Firmware');
insert into `seciot`.`library_risk` values ('d08d0c7b-55d0-4a1b-8f40-ddee8c80236b', 'OpenSSL', '1.0.2', 'CVE-2016-0797');
insert into `seciot`.`library_risk` values ('96bd13a8-2600-44ca-91c0-7fd67158dbd6', 'OpenSSL', '1.0.2a', 'CVE-2016-0797');
insert into `seciot`.`library_risk` values ('f4bcf5f4-9b52-496e-838c-6c68683fb9ce', 'OpenSSL', '1.0.2b', 'CVE-2016-0797');
insert into `seciot`.`library_risk` values ('4bcb3b3e-7d76-4191-82d5-83b0c7a72d7f', 'OpenSSL', '1.0.2c', 'CVE-2016-0797');
insert into `seciot`.`library_risk` values ('37450de7-b360-4e5d-b8ba-2f8f3b92963c', 'OpenSSL', '1.0.2d', 'CVE-2016-0797');
insert into `seciot`.`library_risk` values ('b8a67638-eb37-4516-aea8-3bf3e0c72652', 'OpenSSL', '1.0.2e', 'CVE-2016-0797');
insert into `seciot`.`library_risk` values ('688f688a-56a5-4b23-9907-6ae7d0d8b90a', 'OpenSSL', '1.0.2f', 'CVE-2016-0797');
insert into `seciot`.`cve` values ('CVE-2016-0705', 'Low', '', 'Linux', '');
insert into `seciot`.`cve_category` values ('CVE-2016-0705', 'Firmware');
insert into `seciot`.`library_risk` values ('babe1b35-471d-49cc-b308-69fbcbb47df2', 'OpenSSL', '1.0.2', 'CVE-2016-0705');
insert into `seciot`.`library_risk` values ('9e1f0bb7-9348-43fe-986c-81b308bc3a5b', 'OpenSSL', '1.0.2a', 'CVE-2016-0705');
insert into `seciot`.`library_risk` values ('4120c04c-6b90-426e-8254-219251df2de3', 'OpenSSL', '1.0.2b', 'CVE-2016-0705');
insert into `seciot`.`library_risk` values ('d2d22948-21f8-422b-80d7-81827f47fdcb', 'OpenSSL', '1.0.2c', 'CVE-2016-0705');
insert into `seciot`.`library_risk` values ('726afe8b-07d9-4c76-bee2-9970927f4cd5', 'OpenSSL', '1.0.2d', 'CVE-2016-0705');
insert into `seciot`.`library_risk` values ('dd691876-fae3-487f-b35e-0a2bedc148a7', 'OpenSSL', '1.0.2e', 'CVE-2016-0705');
insert into `seciot`.`library_risk` values ('bbc94cba-5198-41b7-8754-5f260a0f0fe9', 'OpenSSL', '1.0.2f', 'CVE-2016-0705');
insert into `seciot`.`cve` values ('CVE-2016-0704', 'Medium', '', 'Linux', '');
insert into `seciot`.`cve_category` values ('CVE-2016-0704', 'Firmware');
insert into `seciot`.`library_risk` values ('908c13a1-2296-41f7-9570-d5400bedae6e', 'OpenSSL', '1.0.2', 'CVE-2016-0704');
insert into `seciot`.`cve` values ('CVE-2016-0703', 'High', '', 'Linux', '');
insert into `seciot`.`cve_category` values ('CVE-2016-0703', 'Firmware');
insert into `seciot`.`library_risk` values ('696c4c4a-eaad-41b0-9e37-425bbd6c6cf7', 'OpenSSL', '1.0.2', 'CVE-2016-0703');
insert into `seciot`.`cve` values ('CVE-2016-0702 ', 'Low', '', 'Linux', '');
insert into `seciot`.`cve_category` values ('CVE-2016-0702 ', 'Firmware');
insert into `seciot`.`library_risk` values ('00cb64f9-0acc-4aa2-9e76-efba8ca410cc', 'OpenSSL', '1.0.2', 'CVE-2016-0702 ');
insert into `seciot`.`library_risk` values ('fa3096b8-3572-4873-ab00-6665c6654b28', 'OpenSSL', '1.0.2a', 'CVE-2016-0702 ');
insert into `seciot`.`library_risk` values ('0c521c64-e214-4d3b-9fef-580e4dd3c60a', 'OpenSSL', '1.0.2b', 'CVE-2016-0702 ');
insert into `seciot`.`library_risk` values ('572c5106-651d-4fbf-a2d4-cb249784ad15', 'OpenSSL', '1.0.2c', 'CVE-2016-0702 ');
insert into `seciot`.`library_risk` values ('fbf58dfd-5ea9-445b-b936-2b09c3448eaa', 'OpenSSL', '1.0.2d', 'CVE-2016-0702 ');
insert into `seciot`.`library_risk` values ('7bc9d129-3e36-4a1a-b2d3-80a5dae2d272', 'OpenSSL', '1.0.2e', 'CVE-2016-0702 ');
insert into `seciot`.`library_risk` values ('20cc949c-1565-4110-8383-20913bcb36dd', 'OpenSSL', '1.0.2f', 'CVE-2016-0702 ');
insert into `seciot`.`cve` values ('CVE-2016-0701', 'High', '', 'Linux', '');
insert into `seciot`.`cve_category` values ('CVE-2016-0701', 'Firmware');
insert into `seciot`.`library_risk` values ('02c8e004-c7ad-405e-ba81-313568555f80', 'OpenSSL', '1.0.2', 'CVE-2016-0701');
insert into `seciot`.`library_risk` values ('00f03c2a-8099-40f9-9fd0-525600c9e577', 'OpenSSL', '1.0.2a', 'CVE-2016-0701');
insert into `seciot`.`library_risk` values ('9915804d-9435-4af9-b99f-c865e929edf4', 'OpenSSL', '1.0.2b', 'CVE-2016-0701');
insert into `seciot`.`library_risk` values ('9cf3892b-f013-4356-9b00-09db0a8016d2', 'OpenSSL', '1.0.2c', 'CVE-2016-0701');
insert into `seciot`.`library_risk` values ('eb2d944d-346c-4937-b551-18b98b60bbfe', 'OpenSSL', '1.0.2d', 'CVE-2016-0701');
insert into `seciot`.`library_risk` values ('7829b7c9-a269-48db-9690-e85d97875afc', 'OpenSSL', '1.0.2e', 'CVE-2016-0701');
insert into `seciot`.`cve` values ('CVE-2015-3197  ', 'Low', '', 'Linux', '');
insert into `seciot`.`cve_category` values ('CVE-2015-3197  ', 'Firmware');
insert into `seciot`.`library_risk` values ('ae9de903-96bc-4d5d-925d-a88762ef39e6', 'OpenSSL', '1.0.2', 'CVE-2015-3197  ');
insert into `seciot`.`library_risk` values ('a29ba9f5-178f-4636-a36b-987808eb3f59', 'OpenSSL', '1.0.2a', 'CVE-2015-3197  ');
insert into `seciot`.`library_risk` values ('bfe9da87-dadd-40c7-b499-1003393164e8', 'OpenSSL', '1.0.2b', 'CVE-2015-3197  ');
insert into `seciot`.`library_risk` values ('cd86afd5-ad3c-42e9-a27f-e6fbedc9c37a', 'OpenSSL', '1.0.2c', 'CVE-2015-3197  ');
insert into `seciot`.`library_risk` values ('4ede5695-9d87-4f91-ab0f-5e16e794e753', 'OpenSSL', '1.0.2d', 'CVE-2015-3197  ');
insert into `seciot`.`library_risk` values ('b0683c87-6112-497d-9c26-74648c642a89', 'OpenSSL', '1.0.2e', 'CVE-2015-3197  ');
insert into `seciot`.`cve` values ('CVE-2015-3196', 'Low', '', 'Linux', '');
insert into `seciot`.`cve_category` values ('CVE-2015-3196', 'Firmware');
insert into `seciot`.`library_risk` values ('cccf8f3b-7942-4ce1-bdbd-0dc2c60d1e62', 'OpenSSL', '1.0.2', 'CVE-2015-3196');
insert into `seciot`.`library_risk` values ('f9254500-b2ac-4465-b6b8-4ec70847c29c', 'OpenSSL', '1.0.2a', 'CVE-2015-3196');
insert into `seciot`.`library_risk` values ('b119abdf-6e15-4963-a7de-72857b6dad82', 'OpenSSL', '1.0.2b', 'CVE-2015-3196');
insert into `seciot`.`library_risk` values ('e26a987b-02b3-476a-ade0-c011eabd8284', 'OpenSSL', '1.0.2c', 'CVE-2015-3196');
insert into `seciot`.`cve` values ('CVE-2015-3195', 'Medium', '', 'Linux', '');
insert into `seciot`.`cve_category` values ('CVE-2015-3195', 'Firmware');
insert into `seciot`.`library_risk` values ('1e056ffa-88e5-4a86-8155-f95649a1c98c', 'OpenSSL', '1.0.2', 'CVE-2015-3195');
insert into `seciot`.`library_risk` values ('dfa4c142-8f6a-4af0-96c5-681c3a67c4b9', 'OpenSSL', '1.0.2a', 'CVE-2015-3195');
insert into `seciot`.`library_risk` values ('d2520a6a-b603-4650-b27f-d2f28a7ca0f3', 'OpenSSL', '1.0.2b', 'CVE-2015-3195');
insert into `seciot`.`library_risk` values ('c947dc5f-d1b3-4129-88bb-837819485079', 'OpenSSL', '1.0.2c', 'CVE-2015-3195');
insert into `seciot`.`library_risk` values ('4ec688ab-660a-468b-b5eb-05a57347f717', 'OpenSSL', '1.0.2d', 'CVE-2015-3195');
insert into `seciot`.`cve` values ('CVE-2015-3194', 'Medium', '', 'Linux', '');
insert into `seciot`.`cve_category` values ('CVE-2015-3194', 'Firmware');
insert into `seciot`.`library_risk` values ('b3a95078-4b23-4a08-8fba-1294ff579dbd', 'OpenSSL', '1.0.2', 'CVE-2015-3194');
insert into `seciot`.`library_risk` values ('832af786-a44c-411f-8462-640474f5c1cc', 'OpenSSL', '1.0.2a', 'CVE-2015-3194');
insert into `seciot`.`library_risk` values ('d4ee2105-5221-4f1a-9e4f-d5bdabde4f3a', 'OpenSSL', '1.0.2b', 'CVE-2015-3194');
insert into `seciot`.`library_risk` values ('76ab252c-ec73-4c2e-b6b0-be58bfe79a2c', 'OpenSSL', '1.0.2c', 'CVE-2015-3194');
insert into `seciot`.`library_risk` values ('92ada79a-3128-43fa-9098-0bd523c9a9cf', 'OpenSSL', '1.0.2d', 'CVE-2015-3194');
insert into `seciot`.`cve` values ('CVE-2015-3193', 'Medium', '', 'Linux', '');
insert into `seciot`.`cve_category` values ('CVE-2015-3193', 'Firmware');
insert into `seciot`.`library_risk` values ('419c720b-fd38-4105-a90b-126052479881', 'OpenSSL', '1.0.2', 'CVE-2015-3193');
insert into `seciot`.`library_risk` values ('4e4fecbf-abde-4cce-a127-510190f84252', 'OpenSSL', '1.0.2a', 'CVE-2015-3193');
insert into `seciot`.`library_risk` values ('ce795f73-72d2-4f65-92a6-d8ffdc05d48a', 'OpenSSL', '1.0.2b', 'CVE-2015-3193');
insert into `seciot`.`library_risk` values ('71d19ac1-2b72-4189-b594-6f058318e8d3', 'OpenSSL', '1.0.2c', 'CVE-2015-3193');
insert into `seciot`.`library_risk` values ('305b5f17-d731-4b72-bfc8-f256c5e0b9f9', 'OpenSSL', '1.0.2d', 'CVE-2015-3193');
insert into `seciot`.`cve` values ('CVE-2015-1794  ', 'Low', '', 'Linux', '');
insert into `seciot`.`cve_category` values ('CVE-2015-1794  ', 'Firmware');
insert into `seciot`.`library_risk` values ('2ae90d5b-d78e-4d6f-a3bc-b0e63038ff31', 'OpenSSL', '1.0.2', 'CVE-2015-1794  ');
insert into `seciot`.`library_risk` values ('c0dd7f92-e5a7-440b-91b2-d969a16e24a8', 'OpenSSL', '1.0.2a', 'CVE-2015-1794  ');
insert into `seciot`.`library_risk` values ('a6d315af-00e5-4c54-a8e4-cc18732c18ed', 'OpenSSL', '1.0.2b', 'CVE-2015-1794  ');
insert into `seciot`.`library_risk` values ('333bb368-df00-4c9a-adad-d13a4fe4ba86', 'OpenSSL', '1.0.2c', 'CVE-2015-1794  ');
insert into `seciot`.`library_risk` values ('904ed07f-410b-4b6f-859e-fdac9c28264e', 'OpenSSL', '1.0.2d', 'CVE-2015-1794  ');
insert into `seciot`.`cve` values ('CVE-2015-1793', 'High', '', 'Linux', '');
insert into `seciot`.`cve_category` values ('CVE-2015-1793', 'Firmware');
insert into `seciot`.`library_risk` values ('c3f85e0d-66de-49d5-a68f-a691dba9b5a0', 'OpenSSL', '1.0.2b', 'CVE-2015-1793');
insert into `seciot`.`library_risk` values ('eb7b4803-2c31-4e45-9e24-51ad15890559', 'OpenSSL', '1.0.2c', 'CVE-2015-1793');
insert into `seciot`.`cve` values ('CVE-2015-1792', 'Medium', '', 'Linux', '');
insert into `seciot`.`cve_category` values ('CVE-2015-1792', 'Firmware');
insert into `seciot`.`library_risk` values ('f56af132-2fe3-45d5-9b59-86c321af42cf', 'OpenSSL', '1.0.2', 'CVE-2015-1792');
insert into `seciot`.`library_risk` values ('baad6fec-6dd2-4282-b287-76e752ff1028', 'OpenSSL', '1.0.2a', 'CVE-2015-1792');
insert into `seciot`.`cve` values ('CVE-2015-1790 ', 'Medium', '', 'Linux', '');
insert into `seciot`.`cve_category` values ('CVE-2015-1790 ', 'Firmware');
insert into `seciot`.`library_risk` values ('ac3beff1-7ee4-48f2-aafd-b9cbc48f99e1', 'OpenSSL', '1.0.2', 'CVE-2015-1790 ');
insert into `seciot`.`library_risk` values ('2f4f8778-1205-4456-a703-ede5427f637e', 'OpenSSL', '1.0.2a', 'CVE-2015-1790 ');
insert into `seciot`.`cve` values ('CVE-2015-1789', 'Medium', '', 'Linux', '');
insert into `seciot`.`cve_category` values ('CVE-2015-1789', 'Firmware');
insert into `seciot`.`library_risk` values ('9b88026b-6663-4a0c-8e4e-8fda3d1da589', 'OpenSSL', '1.0.2', 'CVE-2015-1789');
insert into `seciot`.`library_risk` values ('a90556ec-c61f-4567-85ff-f10124549c6f', 'OpenSSL', '1.0.2a', 'CVE-2015-1789');
insert into `seciot`.`cve` values ('CVE-2015-1788', 'Medium', '', 'Linux', '');
insert into `seciot`.`cve_category` values ('CVE-2015-1788', 'Firmware');
insert into `seciot`.`library_risk` values ('eb1357c4-6038-41c3-b1b3-7205fb887d2b', 'OpenSSL', '1.0.2', 'CVE-2015-1788');
insert into `seciot`.`library_risk` values ('78232f0a-4dd6-4d82-87b1-c21a200c470e', 'OpenSSL', '1.0.2a', 'CVE-2015-1788');
insert into `seciot`.`cve` values ('CVE-2015-1791', 'Low', '', 'Linux', '');
insert into `seciot`.`cve_category` values ('CVE-2015-1791', 'Firmware');
insert into `seciot`.`library_risk` values ('15d6d1d8-7992-4f16-89dd-bd8ef23eb312', 'OpenSSL', '1.0.2', 'CVE-2015-1791');
insert into `seciot`.`library_risk` values ('b8ad8e4c-f744-4b96-9b39-6c849b74adf1', 'OpenSSL', '1.0.2a', 'CVE-2015-1791');
insert into `seciot`.`cve` values ('CVE-2015-1787', 'Medium', '', 'Linux', '');
insert into `seciot`.`cve_category` values ('CVE-2015-1787', 'Firmware');
insert into `seciot`.`library_risk` values ('43ad4257-3cc7-4b05-9d68-770614856b05', 'OpenSSL', '1.0.2', 'CVE-2015-1787');
insert into `seciot`.`cve` values ('CVE-2015-0293', 'Medium', '', 'Linux', '');
insert into `seciot`.`cve_category` values ('CVE-2015-0293', 'Firmware');
insert into `seciot`.`library_risk` values ('8b4255da-fde3-4b19-ab0d-c897b8d4444a', 'OpenSSL', '1.0.2', 'CVE-2015-0293');
insert into `seciot`.`cve` values ('CVE-2015-0291', 'High', '', 'Linux', '');
insert into `seciot`.`cve_category` values ('CVE-2015-0291', 'Firmware');
insert into `seciot`.`library_risk` values ('02eaf7c9-8b55-4f54-88a0-4ef448113f50', 'OpenSSL', '1.0.2', 'CVE-2015-0291');
insert into `seciot`.`cve` values ('CVE-2015-0290', 'Medium', '', 'Linux', '');
insert into `seciot`.`cve_category` values ('CVE-2015-0290', 'Firmware');
insert into `seciot`.`library_risk` values ('cf9e3186-f15f-4063-a51f-943011b5c6ac', 'OpenSSL', '1.0.2', 'CVE-2015-0290');
insert into `seciot`.`cve` values ('CVE-2015-0289', 'Medium', '', 'Linux', '');
insert into `seciot`.`cve_category` values ('CVE-2015-0289', 'Firmware');
insert into `seciot`.`library_risk` values ('6383816c-79ed-4a4c-a226-58ea9b728e44', 'OpenSSL', '1.0.2', 'CVE-2015-0289');
insert into `seciot`.`cve` values ('CVE-2015-0287 ', 'Medium', '', 'Linux', '');
insert into `seciot`.`cve_category` values ('CVE-2015-0287 ', 'Firmware');
insert into `seciot`.`library_risk` values ('fcf19d70-6aea-45a0-8ea8-be7873e83055', 'OpenSSL', '1.0.2', 'CVE-2015-0287 ');
insert into `seciot`.`cve` values ('CVE-2015-0286 ', 'Medium', '', 'Linux', '');
insert into `seciot`.`cve_category` values ('CVE-2015-0286 ', 'Firmware');
insert into `seciot`.`library_risk` values ('6e5c6236-a53b-492b-a7ea-01fa5ce5c954', 'OpenSSL', '1.0.2', 'CVE-2015-0286 ');
insert into `seciot`.`cve` values ('CVE-2015-0209', 'Low', '', 'Linux', '');
insert into `seciot`.`cve_category` values ('CVE-2015-0209', 'Firmware');
insert into `seciot`.`library_risk` values ('ec9d22d6-1915-400d-809a-5aa01074ea65', 'OpenSSL', '1.0.2', 'CVE-2015-0209');
insert into `seciot`.`cve` values ('CVE-2015-0208', 'Medium', '', 'Linux', '');
insert into `seciot`.`cve_category` values ('CVE-2015-0208', 'Firmware');
insert into `seciot`.`library_risk` values ('872da4c7-d9a4-4574-8b60-6852526453f4', 'OpenSSL', '1.0.2', 'CVE-2015-0208');
insert into `seciot`.`cve` values ('CVE-2015-0207 ', 'Medium', '', 'Linux', '');
insert into `seciot`.`cve_category` values ('CVE-2015-0207 ', 'Firmware');
insert into `seciot`.`library_risk` values ('0ff70eb5-abcd-47a0-99e2-b08b365ae6e4', 'OpenSSL', '1.0.2', 'CVE-2015-0207 ');
insert into `seciot`.`cve` values ('CVE-2015-0285', 'Low', '', 'Linux', '');
insert into `seciot`.`cve_category` values ('CVE-2015-0285', 'Firmware');
insert into `seciot`.`library_risk` values ('706bc0b7-e360-4a4e-bb8a-7f132ee2eb38', 'OpenSSL', '1.0.2', 'CVE-2015-0285');
insert into `seciot`.`cve` values ('CVE-2015-0288', 'Low', '', 'Linux', '');
insert into `seciot`.`cve_category` values ('CVE-2015-0288', 'Firmware');
insert into `seciot`.`library_risk` values ('d74ad655-7106-47aa-ab50-1491ed26e9de', 'OpenSSL', '1.0.2', 'CVE-2015-0288');
